pitcher_name,date,game_pk,runs,inningsPitched,battersFaced,bb_pct,xwobacon,bad
sasaki,2025-03-19,778564,1,3.0,14,35.714285714285715,0.1728333333333333,0
sasaki,2025-03-29,778533,2,1.2,12,33.333333333333336,0.255,0
sasaki,2025-04-05,778448,1,4.0,17,11.764705882352942,0.3013,0
sasaki,2025-04-12,778345,1,5.0,21,9.523809523809524,0.4495543831168831,0
sasaki,2025-04-19,778251,2,6.0,22,13.636363636363637,0.4127846936381078,0
sasaki,2025-04-26,778163,3,5.2,24,8.333333333333334,0.3889665732959851,1
sasaki,2025-05-03,778076,3,5.0,24,8.333333333333334,0.3981320465686275,1
sasaki,2025-05-09,777988,5,4.0,20,10.0,0.42539226322984974,1
sasaki,2026-03-30,823972,1,4.0,18,11.11111111111111,0.3391818181818182,0
sasaki,2026-04-05,822756,6,5.0,23,13.043478260869565,0.43593333333333334,1
sasaki,2026-04-12,823966,2,4.0,22,22.727272727272727,0.45890909090909093,0
sasaki,2026-04-19,824371,3,4.2,22,9.090909090909092,0.3850588235294118,1
sasaki,2026-04-25,823960,4,5.0,23,4.3478260869565215,0.49493750000000003,1
sasaki,2026-05-02,823067,3,6.0,26,7.6923076923076925,0.3596842105263158,1
sasaki,2026-05-11,823953,3,5.0,23,4.3478260869565215,0.4253125,1
sasaki,2026-05-17,824034,1,7.0,24,0.0,0.3636,0
sasaki,2026-05-23,823787,3,5.0,21,9.523809523809524,0.3470666666666667,1
sasaki,2026-05-30,823945,1,5.1,20,5.0,0.2911666666666667,0
sasaki,2026-06-05,823943,0,7.0,25,8.0,0.26915384615384613,0
sasaki,2026-06-12,824588,7,4.1,23,13.043478260869565,0.410875,1
sasaki,2026-06-19,823936,3,5.2,21,4.761904761904762,0.37957142857142856,1
sasaki,2026-06-26,823285,3,4.0,20,25.0,0.38966666666666666,1
sasaki,2026-07-02,823935,6,3.0,18,11.11111111111111,0.4683846153846154,1
sasaki,2026-07-08,823928,3,6.0,23,4.3478260869565215,0.3423529411764706,1
sasaki,2026-07-17,823524,1,5.2,22,4.545454545454546,0.3368125,0
sasaki,2026-07-24,823601,1,7.0,25,8.0,0.27114285714285713,0
sasaki,2026-07-30,823921,2,5.1,24,12.5,0.26857142857142857,0
sasaki,2026-08-07,825051,2,6.0,23,4.3478260869565215,0.3338235294117647,0
sasaki,2026-08-13,823915,2,6.0,25,20.0,0.3576111111111111,0
sasaki,2026-08-19,824318,2,5.0,22,4.545454545454546,0.3642,0
sasaki,2026-08-26,824878,4,3.1,18,11.11111111111111,0.5331538461538462,1
yamamoto,2024-03-21,746175,5,1.0,9,11.11111111111111,0.4874666666666666,1
yamamoto,2024-03-30,746168,0,5.0,17,0.0,0.32954545454545453,0
yamamoto,2024-04-06,746896,0,5.0,21,9.523809523809524,0.437029484029484,0
yamamoto,2024-04-12,746162,3,5.0,19,5.2631578947368425,0.39429659391534394,1
yamamoto,2024-04-19,746160,4,6.0,27,3.7037037037037037,0.5906136181600684,1
yamamoto,2024-04-25,744867,0,6.0,23,4.3478260869565215,0.3144666666666666,0
yamamoto,2024-05-01,747207,0,6.0,24,8.333333333333334,0.2558235294117647,0
yamamoto,2024-05-07,746147,2,8.0,29,0.0,0.3660822471509972,0
yamamoto,2024-05-13,745343,4,5.2,24,8.333333333333334,0.40939676339285713,1
yamamoto,2024-05-20,746146,2,6.1,27,3.7037037037037037,0.42398426622110835,0
yamamoto,2024-05-26,746711,4,5.0,23,8.695652173913043,0.35480512820512816,1
yamamoto,2024-06-01,746138,1,6.0,25,4.0,0.3724796380090498,0
yamamoto,2024-06-07,745737,0,7.0,25,8.0,0.2336875,0
yamamoto,2024-06-15,746135,0,2.0,8,12.5,0.10200000000000002,0
yamamoto,2024-09-10,746097,1,4.0,15,0.0,0.477,0
yamamoto,2024-09-16,747067,0,4.0,17,11.764705882352942,0.5241381766381767,0
yamamoto,2024-09-22,746092,4,3.0,17,17.647058823529413,0.3633263157894737,1
yamamoto,2024-09-28,746499,2,5.0,18,0.0,0.42867441860465116,0
yamamoto,2024-10-05,775323,5,3.0,16,12.5,0.39382017654476675,1
yamamoto,2024-10-11,775317,0,5.0,17,5.882352941176471,0.3824830252696612,0
yamamoto,2024-10-17,775303,2,4.1,19,5.2631578947368425,0.43090070921985807,0
yamamoto,2024-10-26,775294,1,6.1,22,9.090909090909092,0.28646875,0
yamamoto,2025-03-18,778563,1,5.0,19,5.2631578947368425,0.25957142857142856,0
yamamoto,2025-03-28,778544,2,5.0,22,9.090909090909092,0.5360859717868338,0
yamamoto,2025-04-04,778459,1,6.0,22,13.636363636363637,0.27586363636363637,0
yamamoto,2025-04-11,778356,0,6.0,20,5.0,0.20968529411764703,0
yamamoto,2025-04-18,778263,0,7.0,25,0.0,0.34957142857142853,0
yamamoto,2025-04-25,778176,3,5.0,24,16.666666666666668,0.34913333333333335,1
yamamoto,2025-05-02,778092,0,6.0,21,9.523809523809524,0.30102564102564106,0
yamamoto,2025-05-08,777999,5,5.0,22,4.545454545454546,0.3591202788649707,1
yamamoto,2025-05-14,777917,3,6.0,24,8.333333333333334,0.39035554187192123,1
yamamoto,2025-05-20,777838,0,7.0,24,8.333333333333334,0.15664583333333335,0
yamamoto,2025-05-26,777769,2,6.0,23,8.695652173913043,0.3645,0
yamamoto,2025-06-01,777682,4,3.2,21,14.285714285714286,0.45316290983606555,1
yamamoto,2025-06-07,777601,0,6.0,24,8.333333333333334,0.26966666666666667,0
yamamoto,2025-06-13,777522,5,4.2,24,20.833333333333332,0.4871643434343434,1
yamamoto,2025-06-19,777442,3,6.1,25,0.0,0.3642767969363708,1
yamamoto,2025-06-25,777358,0,5.0,16,6.25,0.20083040935672514,0
yamamoto,2025-07-01,777280,1,7.0,25,4.0,0.16885096153846155,0
yamamoto,2025-07-07,777201,5,0.2,9,22.22222222222222,0.4955220779220779,1
yamamoto,2025-07-13,777119,0,7.0,26,7.6923076923076925,0.23888235294117646,0
yamamoto,2025-07-22,777039,3,5.0,21,4.761904761904762,0.31783333333333336,1
yamamoto,2025-07-28,776967,1,7.0,27,7.407407407407407,0.237375,0
yamamoto,2025-08-03,776889,0,5.2,23,0.0,0.27931249999999996,0
yamamoto,2025-08-11,776779,6,4.2,25,20.0,0.4780460164835165,1
yamamoto,2025-08-18,776693,3,7.0,27,7.407407407407407,0.17340485829959515,1
yamamoto,2025-08-24,776603,2,6.0,23,8.695652173913043,0.30569019607843134,0
yamamoto,2025-08-31,776509,1,7.0,25,0.0,0.3134,0
yamamoto,2025-09-06,776443,1,8.2,28,7.142857142857143,0.2295920634920635,0
yamamoto,2025-09-12,776350,1,7.0,23,4.3478260869565215,0.5014798517085751,0
yamamoto,2025-09-18,776271,0,5.1,22,27.272727272727273,0.17722222222222223,0
yamamoto,2025-09-25,776185,0,6.0,24,8.333333333333334,0.38467619047619045,0
yamamoto,2025-10-01,813068,2,6.2,28,7.142857142857143,0.30226666666666663,0
yamamoto,2025-10-08,813041,3,4.0,19,5.2631578947368425,0.4046489696969697,1
yamamoto,2025-10-14,813034,1,9.0,32,3.125,0.3085014124293785,0
yamamoto,2025-10-25,813026,1,9.0,32,0.0,0.3785233566252588,0
yamamoto,2025-10-31,813025,1,6.0,23,4.3478260869565215,0.3194166666666667,0
yamamoto,2026-03-26,823974,2,6.0,21,0.0,0.3918666666666667,0
yamamoto,2026-04-01,823970,2,6.0,22,4.545454545454546,0.39705555555555555,0
yamamoto,2026-04-07,822831,1,6.0,24,4.166666666666667,0.30958823529411766,0
yamamoto,2026-04-14,823965,1,7.2,28,3.5714285714285716,0.36835,0
yamamoto,2026-04-21,823236,3,7.0,28,7.142857142857143,0.39331578947368423,1
yamamoto,2026-04-27,823961,4,5.0,24,16.666666666666668,0.387625,1
yamamoto,2026-05-04,824201,3,6.0,23,4.3478260869565215,0.5765714285714286,1
yamamoto,2026-05-12,823951,5,6.1,25,0.0,0.39352941176470585,1
yamamoto,2026-05-18,823301,1,7.0,26,7.6923076923076925,0.3203125,0
yamamoto,2026-05-24,823786,1,7.0,27,3.7037037037037037,0.3073181818181818,0
yamamoto,2026-05-31,823944,0,5.1,22,9.090909090909092,0.3403333333333334,0
yamamoto,2026-06-06,823942,1,8.0,26,0.0,0.19904545454545453,0
yamamoto,2026-06-13,824587,1,8.1,27,0.0,0.33275,0
yamamoto,2026-06-20,823937,3,6.0,26,7.6923076923076925,0.31577777777777777,1
yamamoto,2026-06-27,823283,2,6.0,24,8.333333333333334,0.4425555555555556,0
yamamoto,2026-07-04,823932,0,7.0,25,8.0,0.19515384615384615,0
yamamoto,2026-07-11,823926,6,6.0,27,11.538461538461538,0.21276470588235294,1
yamamoto,2026-07-19,823523,2,9.0,30,0.0,0.3357826086956522,0
yamamoto,2026-07-25,823600,1,6.0,26,11.538461538461538,0.2588333333333333,0
yamamoto,2026-08-01,823920,3,8.0,28,3.5714285714285716,0.23704166666666668,1
yamamoto,2026-08-08,825049,0,5.2,24,12.5,0.2942142857142857,0
yamamoto,2026-08-14,823913,1,6.0,23,8.695652173913043,0.27191666666666664,0
yamamoto,2026-08-21,823911,2,6.1,27,3.7037037037037037,0.25766666666666665,0
yamamoto,2026-08-27,824879,1,6.1,24,4.166666666666667,0.4175,0
yamamoto,2026-09-02,823906,4,7.0,27,7.407407407407407,0.33482352941176474,1
yamamoto,2026-09-09,823900,1,7.0,24,4.166666666666667,0.429,0
yamamoto,2026-09-15,824466,0,7.0,24,8.333333333333334,0.14292857142857143,0
yamamoto,2026-09-23,823894,4,6.0,26,3.8461538461538463,0.2711,1
