contrast,metric,diff,ci,p_boot,verdict
FF: 2026 start − 2025 start,velo,1.8,"[1.0, 2.7]",0.0001,Meaningful
FF: 2026 start − 2025 start,IVB,1.8,"[1.2, 2.3]",0.0001,Not meaningful
FF: 2026 start − 2025 start,HB,0.8,"[0.2, 1.6]",0.0136,Not meaningful
FF: 2026 start − 2025 start,spin,199.1,"[151.4, 243.8]",0.0001,
FF: 2026 start − 2025 start,whiff,7.3,"[1.2, 13.4]",0.0164,Not meaningful
FF: 2026 start − 2025 start,chase,9.1,"[2.7, 19.9]",0.0056005600560056,Meaningful
FF: 2025 relief − 2025 start,velo,2.9,"[2.0, 3.8]",0.0001,Meaningful
FF: 2025 relief − 2025 start,IVB,0.6,"[0.2, 1.0]",0.0026,Not meaningful
FF: 2025 relief − 2025 start,HB,0.8,"[-0.2, 2.0]",0.13,Not meaningful
FF: 2025 relief − 2025 start,spin,78.0,"[35.7, 115.5]",0.0004,
FF: 2025 relief − 2025 start,whiff,6.5,"[-2.7, 13.8]",0.148,Not meaningful
FF: 2025 relief − 2025 start,chase,10.6,"[-2.7, 32.8]",0.11841184118411842,Not meaningful
FF: 2026 relief − 2026 start,velo,1.4,"[0.7, 2.2]",0.0001,Meaningful
FF: 2026 relief − 2026 start,IVB,-0.6,"[-1.3, 0.3]",0.2274,Not meaningful
FF: 2026 relief − 2026 start,HB,-1.4,"[-3.6, 0.5]",0.1418,Not meaningful
FF: 2026 relief − 2026 start,spin,138.1,"[79.8, 205.8]",0.0001,
FF: 2026 relief − 2026 start,whiff,-3.7,"[-13.8, 33.0]",0.7446166649329033,Not meaningful
FF: 2026 relief − 2026 start,chase,21.9,"[2.1, 33.4]",0.005049005049005049,Meaningful
FO: 2025 relief − 2025 start,velo,1.6,"[0.5, 2.7]",0.0012,Meaningful
FO: 2025 relief − 2025 start,IVB,-0.4,"[-1.6, 0.9]",0.5586,Not meaningful
FO: 2025 relief − 2025 start,HB,-3.7,"[-4.7, -2.6]",0.0001,Meaningful
FO: 2025 relief − 2025 start,spin,86.5,"[51.2, 123.6]",0.0001,
FO: 2025 relief − 2025 start,whiff,19.3,"[2.8, 38.0]",0.020404080816163232,Meaningful
FO: 2025 relief − 2025 start,chase,11.6,"[-4.0, 26.1]",0.1334,Not meaningful
FS: 2026 relief − 2026 start,velo,1.5,"[0.4, 2.1]",0.0004,Meaningful
FS: 2026 relief − 2026 start,IVB,-2.3,"[-3.0, -1.5]",0.0001,Meaningful
FS: 2026 relief − 2026 start,HB,-1.2,"[-3.8, 4.1]",0.5586,Not meaningful
FS: 2026 relief − 2026 start,spin,249.6,"[190.7, 292.9]",0.0001,
FS: 2026 relief − 2026 start,whiff,,"[nan, nan]",,Not meaningful
FS: 2026 relief − 2026 start,chase,-21.5,"[-31.3, -5.5]",0.0001416029453412631,Meaningful
Splitter change: 2026 FS − 2025 FO (starts),velo,5.4,"[4.8, 6.0]",0.0001,Meaningful
Splitter change: 2026 FS − 2025 FO (starts),IVB,5.1,"[4.2, 5.9]",0.0001,Meaningful
Splitter change: 2026 FS − 2025 FO (starts),HB,-6.2,"[-7.4, -5.0]",0.0001,Meaningful
Splitter change: 2026 FS − 2025 FO (starts),spin,427.0,"[388.9, 465.9]",0.0001,
Splitter change: 2026 FS − 2025 FO (starts),whiff,0.4,"[-13.3, 12.3]",0.8734,Not meaningful
Splitter change: 2026 FS − 2025 FO (starts),chase,13.2,"[3.3, 24.3]",0.0074,Meaningful
Gap: 2025 relief − 2025 start (FO),FF-splitter gap,1.3,"[-0.1, 2.7]",0.0628,Not meaningful
Gap: 2026 start FS − 2025 start FO,FF-splitter gap,-3.6,"[-4.6, -2.5]",0.0001,Meaningful
