pitcher,context,pitch,whiff/swing,swings (low/high),chase,ooz pitches (low/high),low_n
sasaki,2025 relief,FF,"15.4 [7.2, 21.2]","[29, 22]","29.6 [17.4, 50.3]","[19, 15]",LOW N
sasaki,2025 relief,FO,"52.9 [42.7, 70.1]","[15, 24]","38.5 [26.2, 48.8]","[27, 40]",LOW N
sasaki,2025 start,FF,"9.0 [4.6, 13.1]","[66, 82]","19.0 [8.5, 23.7]","[37, 73]",
sasaki,2025 start,FO,"33.6 [23.4, 45.9]","[27, 53]","27.0 [16.8, 36.2]","[53, 80]",LOW N
sasaki,2026 relief,FF,"12.5 [4.5, 50.0]","[8, 6]","50.0 [33.3, 58.3]","[6, 3]",LOW N
sasaki,2026 relief,FS,"nan [nan, nan]","[4, 0]","18.8 [11.1, 33.3]","[8, 3]",LOW N
sasaki,2026 start,FF,"16.2 [12.0, 20.5]","[196, 236]","28.1 [23.8, 32.3]","[168, 209]",
sasaki,2026 start,FO,"30.2 [13.1, 39.0]","[31, 36]","25.0 [18.2, 32.7]","[46, 50]",
sasaki,2026 start,FS,"34.0 [27.4, 40.4]","[137, 193]","40.2 [35.9, 44.4]","[151, 216]",
yamamoto,2024 start,FF,"15.4 [10.3, 20.6]","[175, 169]","21.5 [16.9, 26.5]","[128, 158]",
yamamoto,2024 start,FS,"36.5 [29.2, 44.6]","[102, 109]","41.0 [36.0, 45.3]","[134, 145]",
yamamoto,2025 start,FF,"18.3 [14.9, 21.7]","[201, 249]","15.8 [12.3, 19.2]","[176, 266]",
yamamoto,2025 start,FS,"40.3 [34.8, 46.1]","[177, 264]","39.9 [34.7, 45.0]","[212, 353]",
yamamoto,2026 start,FF,"23.4 [18.5, 27.9]","[174, 176]","29.5 [23.3, 35.1]","[162, 157]",
yamamoto,2026 start,FS,"31.9 [26.5, 37.0]","[170, 221]","38.3 [34.0, 42.3]","[201, 285]",
