pitcher,context,pitch,n,games,velo,spin,IVB (in),HB (in)
sasaki,2025 relief,FF,95,11,"98.9 [98.5, 99.5]","2158.2 [2118.8, 2190.0]","14.9 [14.6, 15.2]","-9.8 [-10.6, -8.7]"
sasaki,2025 relief,FO,90,11,"86.4 [85.6, 87.3]","569.1 [539.8, 602.7]","-4.3 [-5.3, -3.3]","-4.6 [-5.1, -3.9]"
sasaki,2025 start,FF,299,8,"96.0 [95.3, 96.8]","2080.2 [2062.9, 2098.3]","14.3 [14.0, 14.6]","-10.6 [-11.1, -10.1]"
sasaki,2025 start,FO,196,8,"84.8 [84.2, 85.4]","482.6 [466.1, 500.3]","-3.9 [-4.6, -3.1]","-0.8 [-1.7, 0.0]"
sasaki,2026 relief,FF,21,3,"99.2 [98.7, 100.0]","2417.4 [2372.3, 2476.7]","15.5 [14.8, 16.3]","-11.1 [-13.4, -9.2]"
sasaki,2026 relief,FS,15,3,"91.7 [90.5, 92.2]","1159.1 [1106.5, 1178.6]","-1.2 [-1.8, -0.5]","-8.2 [-10.5, -2.8]"
sasaki,2026 start,FF,860,23,"97.8 [97.4, 98.2]","2279.3 [2234.8, 2319.4]","16.1 [15.6, 16.5]","-9.7 [-10.2, -9.2]"
sasaki,2026 start,FO,152,16,"85.3 [84.9, 85.9]","603.3 [575.9, 659.5]","-2.7 [-3.4, -1.3]","-3.2 [-4.6, -2.0]"
sasaki,2026 start,FS,598,19,"90.2 [89.9, 90.5]","909.5 [877.4, 945.2]","1.2 [0.8, 1.6]","-7.1 [-7.9, -6.2]"
yamamoto,2024 start,FF,724,22,"95.6 [95.3, 95.8]","2172.6 [2149.0, 2197.7]","15.7 [15.3, 16.1]","-7.2 [-7.6, -6.8]"
yamamoto,2024 start,FS,399,22,"90.4 [90.0, 90.8]","1344.4 [1296.7, 1393.4]","2.6 [2.2, 2.9]","-9.0 [-10.1, -8.0]"
yamamoto,2025 start,FF,1123,35,"95.5 [95.3, 95.7]","2206.5 [2187.6, 2225.3]","16.0 [15.8, 16.2]","-7.0 [-7.2, -6.7]"
yamamoto,2025 start,FS,840,35,"91.1 [90.8, 91.4]","1425.2 [1396.4, 1454.0]","1.8 [1.5, 2.1]","-11.3 [-11.9, -10.7]"
yamamoto,2026 start,FF,715,28,"96.1 [95.8, 96.3]","2250.7 [2237.0, 2264.0]","16.1 [15.8, 16.4]","-8.3 [-8.5, -8.1]"
yamamoto,2026 start,FS,728,28,"91.5 [91.3, 91.7]","1441.2 [1414.1, 1465.0]","1.8 [1.6, 2.0]","-11.8 [-12.4, -11.2]"
