metric,group,1-25,26-50,51-75,76+
FF velo,sasaki starts,"97.5 [96.9, 98.0]","97.3 [96.9, 97.8]","97.3 [96.8, 97.7]","97.0 [96.6, 97.5]"
FF velo,yamamoto starts,"95.9 [95.7, 96.1]","95.7 [95.6, 95.9]","95.4 [95.2, 95.6]","95.5 [95.2, 95.7]"
FF velo,sasaki relief (all),"99.0 [98.6, 99.4]",,,
whiff/swing,sasaki starts,"26.5 [21.8, 31.1]","26.5 [20.5, 32.7]","24.4 [20.4, 28.7]","27.3 [20.6, 35.1]"
whiff/swing,yamamoto starts,"26.4 [23.4, 29.3]","26.5 [23.7, 29.3]","25.7 [23.0, 28.4]","24.0 [20.6, 27.4]"
whiff/swing,sasaki relief (all),"29.7 [23.1, 35.5]",,,
zone%,sasaki starts,"46.6 [43.9, 49.3]","46.2 [43.7, 48.9]","48.7 [44.3, 53.2]","48.0 [40.5, 55.2]"
zone%,yamamoto starts,"48.5 [46.7, 50.4]","50.9 [49.0, 52.7]","49.7 [47.9, 51.6]","49.6 [47.1, 52.3]"
zone%,sasaki relief (all),"44.4 [37.5, 51.4]",,,
xwOBA,sasaki starts,"0.341 [0.299, 0.382]","0.323 [0.276, 0.372]","0.310 [0.253, 0.371]","0.332 [0.249, 0.421]"
xwOBA,yamamoto starts,"0.271 [0.242, 0.300]","0.279 [0.252, 0.306]","0.254 [0.224, 0.285]","0.283 [0.251, 0.315]"
xwOBA,sasaki relief (all),"0.277 [0.194, 0.366]",,,
