pitcher,sample,metric,TTO1,n1 (low/high),TTO2,n2 (low/high),TTO3,n3 (low/high)
sasaki,2025+26,xwOBA,"0.337 [0.297, 0.375]","[129, 148]","0.322 [0.276, 0.365]","[125, 143]","0.335 [0.262, 0.412]","[36, 81]"
sasaki,2025+26,K%,"21.9 [16.8, 27.4]","[131, 149]","20.9 [17.3, 24.5]","[125, 144]","19.2 [11.0, 28.5]","[37, 81]"
sasaki,2025+26,BB%,"9.7 [6.5, 13.1]","[131, 149]","12.0 [8.5, 16.0]","[125, 144]","11.3 [4.8, 18.8]","[37, 81]"
sasaki,2025+26,whiff/swing,"26.4 [21.8, 31.0]","[263, 295]","24.1 [20.4, 27.9]","[249, 250]","26.4 [19.9, 33.6]","[81, 147]"
sasaki,2026,xwOBA,"0.319 [0.276, 0.359]","[97, 109]","0.318 [0.266, 0.372]","[98, 109]","0.326 [0.237, 0.419]","[27, 69]"
sasaki,2026,K%,"25.2 [19.3, 31.6]","[99, 109]","20.3 [16.4, 24.2]","[98, 110]","22.0 [12.2, 32.9]","[28, 69]"
sasaki,2026,BB%,"8.7 [5.3, 12.3]","[99, 109]","10.5 [6.4, 15.0]","[98, 110]","12.2 [4.3, 21.2]","[28, 69]"
sasaki,2026,whiff/swing,"29.7 [24.8, 34.6]","[216, 226]","23.2 [18.9, 27.5]","[205, 196]","29.1 [21.2, 37.8]","[60, 127]"
yamamoto,2024-26,xwOBA,"0.267 [0.244, 0.290]","[371, 388]","0.273 [0.248, 0.300]","[352, 374]","0.278 [0.247, 0.308]","[182, 271]"
yamamoto,2024-26,K%,"28.3 [25.0, 31.6]","[374, 390]","27.1 [24.1, 30.0]","[353, 375]","24.8 [21.1, 28.8]","[184, 273]"
yamamoto,2024-26,BB%,"7.3 [5.6, 9.0]","[374, 390]","6.0 [4.5, 7.5]","[353, 375]","6.7 [4.5, 9.0]","[184, 273]"
yamamoto,2024-26,whiff/swing,"26.2 [23.7, 28.6]","[720, 772]","26.4 [23.8, 28.9]","[666, 667]","23.5 [20.3, 26.8]","[340, 546]"
yamamoto,2026,xwOBA,"0.237 [0.203, 0.274]","[128, 124]","0.280 [0.234, 0.328]","[129, 123]","0.283 [0.235, 0.330]","[82, 113]"
yamamoto,2026,K%,"29.3 [23.8, 34.9]","[128, 124]","24.6 [20.2, 29.4]","[129, 123]","21.9 [16.4, 28.2]","[83, 114]"
yamamoto,2026,BB%,"5.9 [3.5, 8.7]","[128, 124]","5.2 [3.2, 7.2]","[129, 123]","6.5 [3.5, 10.1]","[83, 114]"
yamamoto,2026,whiff/swing,"25.9 [22.5, 29.2]","[245, 237]","26.5 [22.7, 30.4]","[242, 244]","21.1 [17.0, 25.2]","[144, 231]"
