pitcher,season,metric,starts,slope per start,ci,implied change over season,verdict
sasaki,2025,ff_velo,8,-0.39,"[-0.60, -0.18]",-2.75,Meaningful
sasaki,2025,xwoba,8,0.0156,"[0.0030, 0.0298]",0.1093,
sasaki,2026,ff_velo,23,0.07,"[0.02, 0.14]",1.6,Meaningful
sasaki,2026,xwoba,23,-0.0015,"[-0.0064, 0.0033]",-0.0322,
yamamoto,2024,ff_velo,22,0.02,"[-0.01, 0.05]",0.38,Not meaningful
yamamoto,2024,xwoba,22,0.0003,"[-0.0049, 0.0054]",0.0055,
yamamoto,2025,ff_velo,35,0.03,"[0.01, 0.05]",1.04,Meaningful
yamamoto,2025,xwoba,35,0.0002,"[-0.0020, 0.0023]",0.0083,
yamamoto,2026,ff_velo,28,0.02,"[-0.00, 0.05]",0.64,Not meaningful
yamamoto,2026,xwoba,28,-0.0035,"[-0.0060, -0.0012]",-0.0939,
