pitcher,predictor,outcome,starts,slope per mph,slope CI,r,r CI
sasaki,raw FF velo,xwoba,29,-0.032,"[-0.050, -0.017]",-0.54,"[-0.72, -0.31]"
sasaki,raw FF velo,runs_per_bf,29,-0.011,"[-0.032, 0.013]",-0.17,"[-0.53, 0.19]"
sasaki,raw FF velo,spl_whiff,29,2.2,"[-1.9, 6.1]",0.19,"[-0.18, 0.51]"
sasaki,raw FF velo,bad,29,-0.102,"[-0.236, 0.044]",-0.26,"[-0.58, 0.10]"
sasaki,season-centered velo,xwoba,29,-0.043,"[-0.072, -0.020]",-0.52,"[-0.73, -0.25]"
sasaki,season-centered velo,runs_per_bf,29,-0.024,"[-0.054, 0.008]",-0.28,"[-0.62, 0.09]"
sasaki,season-centered velo,spl_whiff,29,3.5,"[-1.1, 9.0]",0.22,"[-0.08, 0.49]"
sasaki,season-centered velo,bad,29,-0.204,"[-0.378, -0.025]",-0.38,"[-0.67, -0.04]"
yamamoto,raw FF velo,xwoba,85,-0.022,"[-0.047, 0.002]",-0.19,"[-0.37, 0.01]"
yamamoto,raw FF velo,runs_per_bf,85,-0.032,"[-0.063, -0.006]",-0.21,"[-0.37, -0.05]"
yamamoto,raw FF velo,spl_whiff,85,-3.5,"[-10.9, 4.1]",-0.12,"[-0.35, 0.14]"
yamamoto,raw FF velo,bad,85,-0.146,"[-0.295, 0.000]",-0.21,"[-0.41, 0.00]"
yamamoto,season-centered velo,xwoba,85,-0.022,"[-0.047, 0.002]",-0.17,"[-0.34, 0.02]"
yamamoto,season-centered velo,runs_per_bf,85,-0.034,"[-0.063, -0.009]",-0.2,"[-0.36, -0.06]"
yamamoto,season-centered velo,spl_whiff,85,-1.5,"[-9.9, 7.0]",-0.05,"[-0.28, 0.22]"
yamamoto,season-centered velo,bad,85,-0.178,"[-0.314, -0.032]",-0.23,"[-0.41, -0.04]"
