variant,test,diff,ci,verdict
baseline,(a) Putaway%,-3.4,"[-14.3, 4.0]",Inconclusive
baseline,(a) 2K whiff% [stuff],1.5,"[-15.1, 14.0]",Stuff not shown to decline
baseline,(b) Expansion gap (pts),-1.8,"[-17.7, 11.4]",
baseline,(c-i) Waste share,-8.7,"[-26.8, 4.0]",Inconclusive
baseline,(c-ii) Chase rate,-6.0,"[-27.0, 12.3]",No stuff signal
baseline,(d) 2K walk rate,4.6,"[-2.8, 12.4]",Inconclusive
baseline,(d) Overall BB%,2.3,"[-6.2, 10.2]",
baseline,(e) BB% bad − good starts,-3.19,"[-8.87, 2.18]",Not supported
baseline,(e) xwOBAcon bad − good starts,0.084,"[0.039, 0.130]",
k50,(a) Putaway%,-3.4,"[-14.3, 4.0]",Inconclusive
k50,(a) 2K whiff% [stuff],1.5,"[-15.1, 14.0]",Stuff not shown to decline
k50,(b) Expansion gap (pts),-1.8,"[-17.7, 11.4]",
k50,(c-i) Waste share,-8.7,"[-26.8, 4.0]",Inconclusive
k50,(c-ii) Chase rate,-6.0,"[-27.0, 12.3]",No stuff signal
k50,(d) 2K walk rate,4.6,"[-2.8, 12.4]",Inconclusive
k50,(d) Overall BB%,2.3,"[-6.2, 10.2]",
k50,(e) BB% bad − good starts,-3.19,"[-8.87, 2.18]",Not supported
k50,(e) xwOBAcon bad − good starts,0.084,"[0.039, 0.130]",
tertiles,(a) Putaway%,-4.5,"[-20.7, 2.9]",Inconclusive
tertiles,(a) 2K whiff% [stuff],1.1,"[-18.2, 16.1]",Stuff not shown to decline
tertiles,(b) Expansion gap (pts),-1.7,"[-19.2, 15.4]",
tertiles,(c-i) Waste share,-7.4,"[-20.4, 7.0]",Inconclusive
tertiles,(c-ii) Chase rate,-4.9,"[-26.1, 11.3]",No stuff signal
tertiles,(d) 2K walk rate,4.5,"[-1.8, 12.1]",Inconclusive
tertiles,(d) Overall BB%,1.8,"[-7.2, 10.1]",
tertiles,(e) BB% bad − good starts,-3.19,"[-8.87, 2.18]",Not supported
tertiles,(e) xwOBAcon bad − good starts,0.084,"[0.039, 0.130]",
no_tokyo,(a) Putaway%,-3.4,"[-14.3, 3.8]",Inconclusive
no_tokyo,(a) 2K whiff% [stuff],1.8,"[-14.5, 14.2]",Stuff not shown to decline
no_tokyo,(b) Expansion gap (pts),-1.3,"[-17.3, 11.7]",
no_tokyo,(c-i) Waste share,-9.3,"[-27.8, 3.3]",Inconclusive
no_tokyo,(c-ii) Chase rate,-5.8,"[-27.1, 12.6]",No stuff signal
no_tokyo,(d) 2K walk rate,3.9,"[-3.3, 11.6]",Inconclusive
no_tokyo,(d) Overall BB%,1.4,"[-7.0, 9.2]",
no_tokyo,(e) BB% bad − good starts,-0.09,"[-4.14, 4.00]",Not supported
no_tokyo,(e) xwOBAcon bad − good starts,0.068,"[0.026, 0.108]",
