model,term,coef,ci_lo,ci_hi,p,sd_of_trait
pooled (pitcher indicator),release_speed,-0.1615,-0.7857,0.4627,0.6121,
pooled (pitcher indicator),ivb,0.1297,-0.3132,0.5725,0.566,
pooled (pitcher indicator),arm_side_break,0.2512,-0.163,0.6654,0.2346,
pooled (pitcher indicator),release_spin_rate,-0.0006,-0.0074,0.0062,0.8678,
pooled (pitcher indicator),release_extension,0.3267,-4.3083,4.9618,0.8901,
pooled (pitcher indicator),release_pos_z,-2.9109,-9.1248,3.3031,0.3585,
Sasaki only,release_speed,0.0188,-1.0218,1.0593,0.9718,
Sasaki only,ivb,0.1968,-0.6361,1.0296,0.6433,
Sasaki only,arm_side_break,1.2641,0.5921,1.936,0.0002,
Sasaki only,release_spin_rate,-0.0015,-0.0127,0.0097,0.7954,
Sasaki only,release_extension,2.3711,-8.1868,12.929,0.6598,
Sasaki only,release_pos_z,-7.168,-20.6028,6.2668,0.2957,
Yamamoto only,release_speed,-0.256,-0.9427,0.4307,0.465,
Yamamoto only,ivb,0.2863,-0.226,0.7987,0.2733,
Yamamoto only,arm_side_break,-0.3608,-0.8252,0.1036,0.1278,
Yamamoto only,release_spin_rate,-0.001,-0.0103,0.0084,0.8407,
Yamamoto only,release_extension,0.9411,-4.1714,6.0537,0.7183,
Yamamoto only,release_pos_z,-1.4983,-9.2744,6.2778,0.7057,
"pooled, standardized",release_speed,-0.2457,-1.1955,0.7041,0.6121,1.52
"pooled, standardized",ivb,0.218,-0.5265,0.9625,0.566,1.68
"pooled, standardized",arm_side_break,0.5947,-0.3859,1.5753,0.2346,2.37
"pooled, standardized",release_spin_rate,-0.0716,-0.9153,0.772,0.8678,123.96
"pooled, standardized",release_extension,0.0983,-1.2959,1.4925,0.8901,0.3
"pooled, standardized",release_pos_z,-1.0926,-3.425,1.2398,0.3585,0.38
pooled,release_speed,2.2725,0.8448,3.7003,0.0018,
Sasaki only,release_speed,1.8329,0.1624,3.5033,0.0315,
splitter run value /100 (n=1051),game_ff_velo,0.3037,-0.7386,1.3461,0.5679,
splitter whiff % on swings (n=520),game_ff_velo,2.1458,-1.1413,5.4328,0.2007,
splitter chase % out of zone (n=674),game_ff_velo,0.9198,-3.2437,5.0833,0.665,
