player_id,player_name,starts,ff_velo,slope_raw,r_raw,p_raw,null_lo_raw,null_hi_raw,null_var_raw,slope_centered,r_centered,p_centered,null_lo_centered,null_hi_centered,null_var_centered
434378,"Verlander, Justin",31,93.88709677419357,-0.011079126813418157,-0.11932169537686506,0.24675324675324675,-0.03469736796942925,0.031927503317925904,0.00028160119040412246,-0.007361470603771673,-0.07629769737310187,0.3596403596403596,-0.035365613940098156,0.034882735328297595,0.00031641702785636916
450203,"Morton, Charlie",27,94.15185185185183,-0.008886851978172296,-0.05675676886053862,0.4155844155844156,-0.0667073243519779,0.05776306701909955,0.0010177930529736453,-0.008886851978172298,-0.05675676886053865,0.3886113886113886,-0.06451046640518428,0.0591861037687582,0.0009879323044417478
453286,"Scherzer, Max",35,93.22571428571428,-0.043414415074971346,-0.2710120314813974,0.054945054945054944,-0.0551063166770542,0.053043773142207956,0.0007540413186434196,-0.0596059280756583,-0.3382657167714845,0.03296703296703297,-0.06350728325283143,0.05849133036692793,0.0009588713545650987
477132,"Kershaw, Clayton",21,88.97142857142858,0.028989751098097066,0.14079688734549306,0.7252747252747253,-0.09066233528550526,0.08771595900439313,0.0021044670161992716,0.02898975109809706,0.14079688734549306,0.7242757242757243,-0.08851134699853651,0.09694829795022007,0.002099746971589579
500779,"Quintana, Jose",22,90.1,-0.01636490250696404,-0.1142413387265816,0.2997002997002997,-0.056189763231197384,0.059018454038997,0.000944546603623495,-0.02027517108552274,-0.10788370273348294,0.32367632367632365,-0.08048928922673493,0.08047266217268322,0.0016928557020462409
518876,"Kelly, Merrill",59,91.94067796610169,-0.0008468806289721214,-0.006476673180992093,0.47352647352647353,-0.03346018652785171,0.032693574333586314,0.0002952180992577562,-0.009661918991428153,-0.0727230927124457,0.2707292707292707,-0.03257858995433418,0.03410044822998218,0.0002932842113295957
519242,"Sale, Chris",47,95.54468085106382,0.011369906608768092,0.19536056091787996,0.8971028971028971,-0.017958228986972812,0.017156594640414035,7.923782752544644e-05,0.015560520008336845,0.2261443506889886,0.929070929070929,-0.020600362998471594,0.02153192193796025,0.00010444310623489382
542881,"Anderson, Tyler",26,89.31923076923077,0.008884584511220612,0.07938275856732446,0.6563436563436563,-0.04426805221093777,0.04453442920462105,0.0005286026658231366,0.008884584511220612,0.07938275856732446,0.6603396603396603,-0.04251402994450856,0.04094653264928611,0.00046748698439225405
543037,"Cole, Gerrit",22,96.79090909090907,0.048698172090949614,0.3064785510366652,0.9250749250749251,-0.07184635532768655,0.0636625613018275,0.0012228699902116689,0.04869817209094961,0.3064785510366652,0.926073926073926,-0.0725580695497104,0.06282517833259045,0.0012124980572488858
543135,"Eovaldi, Nathan",39,94.25641025641026,-0.02986693241779778,-0.2559211031769608,0.05094905094905095,-0.035331102099126696,0.038371722274706914,0.0003440284047421015,-0.03925877107090669,-0.32734279452102655,0.02197802197802198,-0.0376312327704383,0.039864662262928736,0.0004014572021019758
543243,"Gray, Sonny",53,91.6075471698113,-0.017074321458863406,-0.09694374737621678,0.26373626373626374,-0.043768533980068317,0.0453251431297711,0.0005417277035375784,-0.020015876064272388,-0.11052675508149208,0.22877122877122877,-0.050844068881633744,0.048406422444145884,0.0006302353681373493
543294,"Hendricks, Kyle",23,86.5391304347826,-0.025613760297018225,-0.24265514170744765,0.12987012987012986,-0.04422370634644381,0.045198500406079756,0.0005076686611651176,-0.02561376029701823,-0.24265514170744765,0.13286713286713286,-0.0452824428588002,0.04266440422322779,0.0005061395243688429
547179,"Lorenzen, Michael",48,93.93958333333335,-0.019126486211213396,-0.17665800746531304,0.12087912087912088,-0.030525480432583844,0.029161157989291486,0.00024740946513325085,-0.020381133198259987,-0.18809645695648972,0.11288711288711288,-0.02979133311608275,0.03191556270278686,0.0002656832830919404
554430,"Wheeler, Zack",51,95.58039215686273,-0.003850010631987698,-0.04820364398127297,0.38461538461538464,-0.02218114109207304,0.02244692679596642,0.00012977349854137931,0.0020400587067254125,0.021891745919015618,0.5874125874125874,-0.026298821548821537,0.024935379435379542,0.00017416784497586234
571510,"Boyd, Matthew",53,93.11886792452829,0.004635344302254777,0.03499665682691771,0.5844155844155844,-0.03736174588665444,0.03540796465569777,0.0003478033089036543,0.021112020080399772,0.14080396824891608,0.8201798201798202,-0.038100101591478246,0.038983668289864756,0.00042414975619140796
571760,"Heaney, Andrew",23,90.05217391304348,-0.10750945945945979,-0.41616388922247316,0.016983016983016984,-0.09707942567567591,0.11177689189189145,0.003039290483736594,-0.10750945945945976,-0.4161638892224732,0.02097902097902098,-0.10391182432432364,0.10734162162162182,0.002986076795791227
571945,"Mikolas, Miles",42,92.96666666666667,-0.0037132352941176643,-0.04100292245082561,0.41058941058941056,-0.026329649390243924,0.024495561334289814,0.00017842870172226185,-0.0031298879502326604,-0.034408297973870225,0.4325674325674326,-0.027657529293874866,0.026934168174937097,0.00020366961404565416
579328,"Kikuchi, Yusei",47,94.95531914893617,-0.0257562915240588,-0.17890430913292857,0.1088911088911089,-0.041322380209381934,0.04162098097443128,0.0004321787209696846,-0.029365400335086073,-0.1916946526629031,0.10989010989010989,-0.04481719055266019,0.042085024609694384,0.0005121908196485894
592332,"Gausman, Kevin",64,94.146875,-0.014509798258408282,-0.15207067952416076,0.11488511488511488,-0.023427845249613725,0.023421548947968756,0.00014430299788133617,-0.015017806808783535,-0.14558724451572072,0.12387612387612387,-0.02430055530237816,0.026111938157206256,0.0001753393472921272
592662,"Ray, Robbie",60,93.34,-0.03211448960595721,-0.2869632247660124,0.01098901098901099,-0.02604929413589796,0.02753490536766986,0.00019085725943442444,-0.024393820883848134,-0.20917170026126167,0.04795204795204795,-0.029149019659456904,0.03017197700129354,0.00023332014988173189
592791,"Taillon, Jameson",39,92.04871794871795,0.010974995608128313,0.0523801149106819,0.6443556443556444,-0.06442863939802113,0.06485777654154737,0.0010719087959521845,0.0477740529140513,0.20248139921890965,0.8911088911088911,-0.07278026386200223,0.0729418370398347,0.001395968315141025
592866,"Williams, Trevor",17,87.75294117647059,-0.013946570228651374,-0.14858468853003562,0.2897102897102897,-0.044360446803546554,0.04274025898273458,0.0005222515076100992,-0.013946570228651374,-0.14858468853003567,0.2787212787212787,-0.04415221068595426,0.04371301913205776,0.0005251196292329398
593958,"Rodriguez, Eduardo",61,92.02295081967215,0.0035120526542118616,0.02633607439064163,0.5794205794205795,-0.03353581453963407,0.03760896214582642,0.00030988217345778556,0.004008265373768483,0.030016166034740388,0.5554445554445554,-0.03270553090342769,0.033860747387250485,0.00030688071557645865
594798,"deGrom, Jacob",61,97.42786885245903,-0.02809644670050766,-0.20375446775419115,0.06393606393606394,-0.03482618534990811,0.035570284138234605,0.00031341287594158934,-0.027942468849063193,-0.2011406801662879,0.061938061938061936,-0.03426322933994553,0.0357332671604781,0.0003315257526663278
601713,"Pivetta, Nick",39,93.8153846153846,-0.03416411181244381,-0.15790610883522896,0.1848151848151848,-0.06781875563570756,0.07081147430117225,0.001313010069820932,-0.03005389233041234,-0.1379206387115512,0.18681318681318682,-0.0725061084367393,0.07297945235035765,0.001302103547555096
605135,"Bassitt, Chris",18,91.73888888888888,-0.010642426457153242,-0.14743927643101884,0.26573426573426573,-0.03337577197149638,0.03298792252877767,0.0003116004696319631,-0.024656768558951856,-0.26000295587185646,0.16983016983016982,-0.04809949781659375,0.04482639737991253,0.0005810797142913178
605288,"Houser, Adrian",20,95.41,-0.05029550033579669,-0.22849340198450277,0.14885114885114886,-0.09691235728676996,0.09873237071860338,0.002476251647970515,-0.0536824324324334,-0.24314213505398877,0.14185814185814186,-0.09509543918918949,0.0976172297297299,0.0024885070951322277
605400,"Nola, Aaron",49,92.13061224489795,-0.02964541670896357,-0.2569797235514423,0.03296703296703297,-0.03158358034717303,0.03329416556694745,0.00029007982709069335,-0.03562992539547182,-0.27788714612174653,0.03196803196803197,-0.037199752071250314,0.037099389496631524,0.0003499413883891107
605483,"Snell, Blake",19,95.48947368421054,-0.026322617033276974,-0.29195220796392085,0.13086913086913088,-0.04063445901485248,0.03976927053957522,0.00044932513931810993,-0.005754942658129885,-0.04848272780477497,0.4125874125874126,-0.054576030746499735,0.05116242172658819,0.0007697118636278567
605488,"Springs, Jeffrey",59,91.00847457627117,0.025261704603182313,0.17920789161477346,0.9140859140859141,-0.035995765940710675,0.037569928551529665,0.00035502787163950667,0.021768215857709522,0.1304076606800557,0.8221778221778222,-0.04253216687535633,0.04429251925158206,0.0004963979681249713
605540,"Woodruff, Brandon",20,92.57499999999999,-0.01727726300784035,-0.29143679465324474,0.10989010989010989,-0.024095794725588073,0.0263223093371347,0.00018151998941208633,-0.011744390892471276,-0.16748868771511757,0.23976023976023977,-0.03163718630546789,0.03237039222203771,0.0002746623333954538
607067,"Rea, Colin",46,93.7913043478261,-0.0013337309598090961,-0.007296184579551181,0.4805194805194805,-0.05398173976876504,0.05268239585244963,0.0007500187868565843,0.01331829551545423,0.06815182848407694,0.6893106893106893,-0.06063024834732911,0.056748436662496994,0.0009421121611357965
607074,"Rodón, Carlos",49,94.25102040816328,0.00015304484320943158,0.0015464487709167145,0.5324675324675324,-0.02782462050943599,0.028845340872605166,0.00020708384084671568,-0.0017516672458795666,-0.01751162029829056,0.4695304695304695,-0.02817204087637899,0.027014653880009145,0.00020594248109047863
607192,"Glasnow, Tyler",29,95.64482758620687,-0.06278388588182264,-0.4908661656122408,0.006993006993006993,-0.04885514631258487,0.04963137827018482,0.0006434232968643891,-0.06544328193832648,-0.5090359214733431,0.003996003996003996,-0.04724339207048476,0.046663133259912004,0.0005925275674149458
607259,"Martinez, Nick",39,92.71025641025643,-0.04118045510672034,-0.31718936424220273,0.025974025974025976,-0.04120642529546647,0.04069305874051853,0.00043995577502962415,-0.04242390600974771,-0.32110943195166447,0.03196803196803197,-0.04404244610936616,0.04169621474326686,0.0004946953698871467
607536,"Freeland, Kyle",53,91.46415094339625,-0.02990185641638758,-0.32609010264684385,0.007992007992007992,-0.02561671286553057,0.02434147375058352,0.00017409771074190517,-0.029034173688017667,-0.31333287842077207,0.012987012987012988,-0.026005472642201582,0.02657936143062367,0.00017863359179604322
607625,"Lugo, Seth",54,91.67407407407407,-0.0024827519002144235,-0.020806148202939457,0.4405594405594406,-0.03241007600857531,0.03225626583511949,0.00027591745440032675,-0.00227947481476964,-0.01909122600474302,0.4325674325674326,-0.031218363679435854,0.0313089485395211,0.00025421569738482623
608331,"Fried, Max",39,95.3871794871795,0.010156879653736971,0.1375693194017395,0.7832167832167832,-0.022919729772308904,0.024727067129898257,0.00014402589912198665,-0.006714922228552669,-0.07295846470276335,0.33166833166833165,-0.02936704549119085,0.029223750120930144,0.00022538698875771844
608337,"Giolito, Lucas",31,92.86451612903227,-0.002359980775392519,-0.030701028884914557,0.44155844155844154,-0.029390433755206672,0.027198658282601717,0.00019951692346137207,-0.00842931517420041,-0.06770419659380837,0.34265734265734266,-0.04714069444653197,0.043040030014681555,0.0005221716582517593
608372,"Sugano, Tomoyuki",54,92.68518518518516,-0.020873793084477132,-0.17110876537967684,0.0959040959040959,-0.033226944818859336,0.03198650730338634,0.0002602620042093915,-0.021074571173980757,-0.171703559299518,0.0979020979020979,-0.032380029655825274,0.03211639911450213,0.0002719353450437708
608379,"Wacha, Michael",63,93.09365079365078,-0.03839512446499363,-0.2910888402036718,0.015984015984015984,-0.03235002290327659,0.03359474620306632,0.0002962274732464214,-0.03811941127717495,-0.28873149129312226,0.015984015984015984,-0.034029855551608895,0.030681352404892573,0.0002798925811621603
608566,"Márquez, Germán",35,94.8,-0.04103718199608599,-0.3070298189671666,0.04295704295704296,-0.04708206947162432,0.04276883561643842,0.0005253498424913885,-0.041686356226998365,-0.3111555908402628,0.03896103896103896,-0.045629303065185416,0.04114197909489645,0.0005055326584856134
615698,"Quantrill, Cal",30,93.79333333333332,-0.0075054884742052205,-0.03174993694387312,0.4675324675324675,-0.08276739160263474,0.08910332052689401,0.0019930172816041668,0.01972078295912325,0.08080668205098168,0.6353646353646354,-0.087613173227722,0.0907860857999325,0.0022612280708716004
621111,"Buehler, Walker",53,94.01698113207547,-0.001344341101473578,-0.01206438682753407,0.43456543456543456,-0.028416213815445797,0.03133659212038875,0.00023094976002886367,0.000481753520853805,0.004312401085068539,0.5004995004995005,-0.030723149453960888,0.031755482576452186,0.00025659130674921216
621244,"Berríos, José",25,93.012,0.03117115783239558,0.27837770320771377,0.9110889110889111,-0.04312856270358302,0.04234740524133834,0.0005084711988169161,0.031171157832395584,0.2783777032077137,0.9100899100899101,-0.0481834375925374,0.043031953286941205,0.0005564621396115461
622491,"Castillo, Luis",55,95.00363636363639,0.009352224568225447,0.0717953508676315,0.7052947052947053,-0.033645948840247186,0.03290515395014655,0.0003039209999977166,0.005442619662863257,0.04122363703130623,0.6293706293706294,-0.033598380201871086,0.0356941029133279,0.0003266764722075951
622608,"Senzatela, Antonio",24,94.84999999999998,0.005890083632019343,0.03954645615068311,0.5344655344655345,-0.06003629032258078,0.0626003584229392,0.0009801635014336908,0.005890083632019341,0.03954645615068309,0.5704295704295704,-0.06080704898446847,0.06259348864994044,0.001021724641557218
622663,"Severino, Luis",39,96.24871794871795,-0.03983219930060454,-0.36595145247344274,0.007992007992007992,-0.034103753829054534,0.03233283973542251,0.0002937911167891137,-0.04759012698696367,-0.3746809531878971,0.011988011988011988,-0.03930703740108629,0.04060158088344771,0.0004265782865107253
624133,"Suarez, Ranger",44,91.48636363636363,-0.016169837342311276,-0.1351804081015101,0.18081918081918083,-0.03421533890398745,0.03521097837991301,0.00032268793345995917,-0.016882047873136775,-0.1392836362416401,0.17382617382617382,-0.03255789661223022,0.03527430711509559,0.00032064369095220687
640455,"Manaea, Sean",30,91.67999999999999,0.04094418449197844,0.40655282784375935,0.983016983016983,-0.034374791109625526,0.0358823529411763,0.00034807272782986007,0.04056308020088244,0.40241974872458497,0.984015984015984,-0.0348417478313805,0.03659479150814168,0.00035464984630538765
641743,"Kay, Anthony",26,95.91153846153847,-0.016673750491932437,-0.10887180313754181,0.3026973026973027,-0.05750684769775681,0.06033986619441143,0.0009633595055888053,-0.016673750491932437,-0.10887180313754184,0.3046953046953047,-0.057828138528138916,0.0620343171979535,0.0009710090080206381
641778,"Lauer, Eric",33,91.26363636363635,-0.032718784078516895,-0.31384607859749664,0.04095904095904096,-0.03649928435114502,0.034483872341875686,0.00033875853575753955,-0.03334707460694356,-0.30638078621679493,0.04795204795204795,-0.040086646069889736,0.03453398581682627,0.0003645074182510325
641793,"Littell, Zack",46,91.94130434782609,-0.00343573657023078,-0.019362304430376086,0.42357642357642356,-0.05329704042143298,0.05395270811667811,0.0007172143035798037,0.03158484579004728,0.16259774988756406,0.8541458541458542,-0.05256039552932607,0.056878150390071984,0.0007945709987408693
641816,"Mahle, Tyler",43,92.51627906976745,0.017449304681650922,0.1629300455128094,0.8341658341658341,-0.03155997220319541,0.03160957038405795,0.0002693777946760629,0.030007799050798433,0.24268424326272206,0.936063936063936,-0.03629381021675665,0.03870330080558514,0.0003765161730993115
641927,"Ober, Bailey",51,89.2078431372549,-0.0033276177671591896,-0.05333183067423482,0.3706293706293706,-0.017174715773600007,0.016791540432142243,7.949039930875745e-05,0.0012905655539351402,0.011350583521444427,0.5264735264735265,-0.029610931264924086,0.030514198945496063,0.000245609064626666
642547,"Peralta, Freddy",65,94.56307692307692,-0.024138029455417317,-0.2716617757906986,0.023976023976023976,-0.02315630113787737,0.021490332166279734,0.00012995927726522117,-0.023923251460754927,-0.2621131585049621,0.014985014985014986,-0.022004207600209488,0.021598621345641087,0.00012573323707220616
645261,"Alcantara, Sandy",55,97.56363636363638,-0.027226000394244044,-0.18655726753660962,0.1048951048951049,-0.038708049970431806,0.03834548097772519,0.0004180490130383559,-0.03015580698296105,-0.2036537570536242,0.06993006993006994,-0.03987284651527011,0.03988218165780102,0.0004157345952389676
647336,"Soroka, Michael",36,93.55555555555556,-0.015388330505156035,-0.21861583219329772,0.0919080919080919,-0.022426225362224238,0.023887253622242536,0.00014078025760921967,-0.014977641798070268,-0.21260351078495834,0.1028971028971029,-0.02269173629089206,0.024065574252765322,0.00014940688621873074
650633,"King, Michael",47,94.04255319148936,-0.0459537060460411,-0.27092982836072743,0.022977022977022976,-0.04389232861118144,0.051332523219254744,0.0006219177197865036,-0.053331285474568585,-0.276233271022993,0.03396603396603397,-0.05548906305876729,0.05554598168847473,0.0008348233996802772
650644,"Civale, Aaron",20,91.925,0.0015605410755525333,0.014188036951175615,0.5264735264735265,-0.0467578356977897,0.04687132959419339,0.0006172300131433674,0.008567437414990862,0.07201431435434837,0.6583416583416584,-0.05031628864463485,0.051899202293864743,0.0006872713398133781
656288,"Canning, Griffin",27,94.22962962962964,0.011277300728019152,0.0765019360216789,0.6453546453546454,-0.054368244819862195,0.05628979606122853,0.0008240173135744111,0.010790213134845678,0.07164395420387049,0.6473526473526473,-0.05979316130092977,0.056713605655696345,0.0009256011350916527
656302,"Cease, Dylan",61,96.9655737704918,-0.01622711324295209,-0.2315582315311002,0.030969030969030968,-0.01657609395645268,0.017415533432153085,8.124364438485676e-05,-0.017831204872788383,-0.2523935340993581,0.028971028971028972,-0.01846810559130029,0.017228276767558694,8.127731041571413e-05
656427,"Flaherty, Jack",50,92.84599999999999,-0.012501344483074838,-0.09765209292135484,0.25674325674325676,-0.034191454389831934,0.03568189909181115,0.0003310974795700784,-0.011653243789528759,-0.090395689092361,0.24975024975024976,-0.03687341331420752,0.034329826889221884,0.00031311753447179215
656492,"Griffin, Foster",27,91.51111111111112,-0.030118457300275556,-0.24651511775005241,0.1018981018981019,-0.0462381887052341,0.045947348484848216,0.0005635547274024981,-0.03011845730027555,-0.24651511775005236,0.09290709290709291,-0.04602651515151522,0.04604807162534402,0.0005517606762921743
656550,"Holmes, Grant",48,94.28333333333335,0.0023325847284605124,0.02083508104078349,0.5594405594405595,-0.030854226214781375,0.031860351163740266,0.0002578143009211677,0.0047193634167628585,0.0412569934122313,0.5964035964035964,-0.02993894758743837,0.03166488794835852,0.0002614024774782312
656605,"Keller, Mitch",54,93.76296296296294,-0.026901959621712906,-0.21342125705480225,0.06893106893106893,-0.035031336159615845,0.03187593015327148,0.00029423302350277267,-0.022155253775167708,-0.1464146516130836,0.14385614385614387,-0.04113077089450509,0.04114363989093976,0.0004239789119900437
656849,"Peterson, David",49,92.36938775510203,-0.018706857542474017,-0.18125561991293063,0.11188811188811189,-0.02908929820231183,0.028520321691554613,0.00021652692256552664,-0.02067878408022574,-0.19779785061282226,0.0919080919080919,-0.031471140185939606,0.028072632664786303,0.00023027078790885874
656876,"Rasmussen, Drew",60,95.83,0.024147375658950542,0.12144523188606045,0.8081918081918081,-0.04956824432729837,0.0507073687829477,0.0006854626941678845,0.02530567685589526,0.12709557290199994,0.8071928071928072,-0.04897167317857974,0.051032291427258264,0.0006701126763641454
657277,"Webb, Logan",31,92.45161290322582,-0.03461557700965444,-0.2301554688888592,0.11888111888111888,-0.05405434945725588,0.057673815717072766,0.0008012689011673786,-0.02867527917670282,-0.14646904454421086,0.22377622377622378,-0.06977572804904815,0.06718507773155272,0.0012425897271879486
657746,"Ryan, Joe",56,93.60178571428571,-0.014897809885236181,-0.14732680077969734,0.15084915084915085,-0.025992389719516857,0.02746805257088278,0.00019195270646053022,-0.014679826083406521,-0.1425993497041792,0.16583416583416583,-0.02619809832592805,0.025163779397189105,0.00018308053031643073
660271,"Ohtani, Shohei",23,98.24347826086958,-0.02573393273393268,-0.3072044094470274,0.08191808191808192,-0.033544971694971615,0.03347326007325996,0.0003218687423404055,-0.024891448999295504,-0.2868350287881381,0.0939060939060939,-0.03501574119980163,0.03762405409284204,0.0003463810491661753
661563,"Gil, Luis",15,95.30666666666666,0.03626902810304436,0.4948314452166032,0.974025974025974,-0.040567824209601734,0.03660000731850091,0.0003878191899265441,0.04790132567992346,0.6243826105252057,0.996003996003996,-0.039152015853491894,0.037218272516058505,0.0004119219045752043
663372,"Feltner, Ryan",27,94.52222222222223,0.07145428181508016,0.5002304022040255,1.0,-0.05643338451040608,0.05053008785397474,0.0007550774926408135,0.09810490289716631,0.46544696538010627,0.99000999000999,-0.08028734877427518,0.08306257959248665,0.0018293701592118259
663436,"Martin, Davis",52,93.92115384615387,-0.03580203916378623,-0.289523727337996,0.02097902097902098,-0.034760010796597414,0.03260147495450617,0.0002935379785591072,-0.036845449296166274,-0.2971207411885175,0.014985014985014986,-0.03191577400145159,0.033346584746082986,0.000297684701267912
663460,"Bubic, Kris",29,92.01034482758618,-0.020586161536438042,-0.16503916930866633,0.2137862137862138,-0.04564205472244137,0.0433048210997106,0.0005644492513110119,-0.013184880839914087,-0.10309010227067003,0.2947052947052947,-0.04948838256002551,0.04368408985579579,0.0005908340183321013
663554,"Mize, Casey",54,93.97037037037038,-0.014707462686567198,-0.16621928499912825,0.11988011988011989,-0.024736845318860248,0.02360478629579383,0.00014799704908951086,-0.024630400671151433,-0.2003960722774366,0.07392607392607392,-0.03158527952988326,0.0328477131138627,0.0002868465144938224
663556,"McClanahan, Shane",24,95.58333333333333,-0.007162374371859321,-0.06996924303834655,0.37662337662337664,-0.04140939070351758,0.04087390075376911,0.00043912676179538293,-0.007162374371859332,-0.06996924303834658,0.3726273726273726,-0.039214745603015015,0.04045014133165805,0.0004339213986487767
663559,"Falter, Bailey",26,92.07692307692307,-0.015609251841323677,-0.10475426891200161,0.3036963036963037,-0.05951217857604364,0.05876993151569998,0.0009113385190974964,-0.0026051401869160024,-0.017117535869890132,0.4195804195804196,-0.056365836740654124,0.05765504526869187,0.0008493815814777133
663567,"Lambert, Peter",28,93.92142857142856,0.029813762007449677,0.2300464900458046,0.8971028971028971,-0.04702979807880796,0.0427056459517743,0.0005985960216219373,0.029813762007449673,0.2300464900458046,0.8871128871128872,-0.05172882768084702,0.04769525583218955,0.0006159373790829345
663568,"Kolek, Stephen",28,94.09642857142858,-0.030449685986864237,-0.22280425791224498,0.14485514485514486,-0.053514550074308644,0.04960448727168133,0.0006989002683243268,-0.03093728441014627,-0.21826241499874763,0.14985014985014986,-0.055887756902886,0.05220042035007775,0.0007703127726565753
663623,"Irvin, Jake",53,92.66415094339622,-0.009434230295092084,-0.0955703505326468,0.25074925074925075,-0.026502512472070187,0.025794803143539463,0.00019421110890019747,-0.006405683192261195,-0.05962415524673167,0.3516483516483517,-0.030376435912938354,0.027584718863361404,0.00021722794134420326
663903,"Singer, Brady",18,91.25,-0.05591852421214443,-0.3877200305431953,0.04895104895104895,-0.06384780937740205,0.07001421983089934,0.0011705903897669984,-0.06196932859547413,-0.4225336553243626,0.03596403596403597,-0.06678981204413718,0.06873204600710706,0.0012395313168871462
663978,"Paddack, Chris",37,93.45405405405405,-0.014571711177052494,-0.13707059616270206,0.2017982017982018,-0.03669597483239927,0.03356885097263434,0.00030039714117684765,-0.018606975356016093,-0.16151505442691208,0.15784215784215785,-0.035934791506779154,0.037576251385691345,0.00036798348200796767
664299,"Javier, Cristian",20,93.01,-0.024326209557732438,-0.17779046071388271,0.22077922077922077,-0.06233785989907957,0.05578547046601348,0.0009597775320048271,-0.04667332952598529,-0.3174824603373586,0.08691308691308691,-0.06692704169046257,0.06340048543689289,0.0011335997778510415
665152,"Kremer, Dean",46,93.08913043478262,0.008635507103964124,0.0722272598218439,0.6813186813186813,-0.034997913318921124,0.033879244170587575,0.00030583581858841755,0.012556686684489884,0.09768040022262123,0.7382617382617382,-0.037624669244543496,0.039942246855173315,0.00038841022360129335
665795,"Cabrera, Edward",27,96.63703703703703,-0.005280586450960677,-0.07087158249596376,0.3866133866133866,-0.0269548944641051,0.029265494660010043,0.00021249154286740856,0.0006442982456139908,0.008130958645092421,0.5264735264735265,-0.025319561403508745,0.0321507236842106,0.000245270314303708
666142,"Ragans, Cole",20,95.12499999999999,-0.05842347273921581,-0.45058130017278736,0.024975024975024976,-0.05804510619662806,0.05680052550908688,0.0008856371577249005,-0.05196398250064912,-0.3934033917276018,0.04295704295704296,-0.05718135599991999,0.057150449969036496,0.0009379512324604876
666157,"Lodolo, Nick",47,93.85106382978721,-0.0354714976440514,-0.20597573560370389,0.08891108891108891,-0.04875796094977035,0.04691383850204794,0.0006219023550729156,-0.03295078008018175,-0.19123146350282821,0.10589410589410589,-0.05212328527266573,0.045029337535622924,0.0006266355819653358
666200,"Luzardo, Jesús",61,96.73278688524591,0.017351613029163264,0.12991630921515887,0.8421578421578422,-0.03466961531954755,0.033606200304517136,0.0002952865417401764,0.024523854905870585,0.17740515951570196,0.9300699300699301,-0.03212970371972309,0.0349316499032315,0.0002828084994818224
667755,"Soriano, José",40,97.245,-0.004287854809926289,-0.054218680068124726,0.36663336663336665,-0.02309109734334485,0.02555835213306855,0.00015803993026768017,-0.012291057599750795,-0.141317675814264,0.18581418581418582,-0.02734705292467021,0.026362596737912032,0.000195742424174792
668678,"Gallen, Zac",52,93.51538461538462,-0.05104670481816519,-0.32484396131553744,0.005994005994005994,-0.04081478447480147,0.0403849686173158,0.00043930835053515767,-0.04422831917746975,-0.2780682642561346,0.025974025974025976,-0.04409770339740711,0.039743448256593865,0.0004862369979797577
668881,"Greene, Hunter",24,99.23333333333333,-0.019747191011235787,-0.15397817359321772,0.25574425574425574,-0.05366458120531137,0.04889121552604713,0.0007260157248583312,0.0008780322202339876,0.004949287470721887,0.5024975024975025,-0.06727860162952881,0.07156665483612099,0.001292776610872824
668909,"Williams, Gavin",60,97.045,-0.013885414984194388,-0.15417557341875374,0.10589410589410589,-0.020747748371366857,0.02201781305521592,0.00012255070334176563,-0.011162022818360711,-0.10594462804534525,0.2077922077922078,-0.02615746279910341,0.025369906097415823,0.0001762843937222403
669022,"Gore, MacKenzie",63,95.18730158730158,-0.04016433180647965,-0.22554419932985884,0.04595404595404595,-0.046858042311678706,0.041584376776221045,0.0005007333009538164,-0.041757759125512335,-0.23225414014016427,0.03896103896103896,-0.04526522138720833,0.04470263598802782,0.000540280568141964
669160,"May, Dustin",42,96.36666666666666,-0.019636658401678445,-0.1937309908509371,0.1038961038961039,-0.03136493896624066,0.029614938966240626,0.0002512587467687942,-0.03861971177395652,-0.23986756112143612,0.056943056943056944,-0.04524007450565884,0.04979889272731948,0.0006281461645195518
669194,"Nelson, Ryne",38,95.92105263157895,0.027011624707662836,0.17013304859586045,0.8531468531468531,-0.051035828518365654,0.05087205943045794,0.0006719122060568807,0.009634151571521803,0.05100951502929488,0.5864135864135864,-0.06505615045647356,0.06446337897168937,0.0010896404887340038
669302,"Gilbert, Logan",57,95.90350877192982,0.004010236896603966,0.03825692406324088,0.6193806193806194,-0.026806680711531545,0.02905996287441274,0.0001997142392351537,-0.0017220425701747687,-0.014068885766746256,0.45554445554445555,-0.03263568711592203,0.031645328624214236,0.0002815957259553222
669358,"Baz, Shane",62,96.41774193548386,-0.01041965942493059,-0.11399531299417448,0.2137862137862138,-0.02351080512997354,0.022897819268601082,0.00013792198238481162,-0.012487118701468389,-0.10067525521791551,0.21678321678321677,-0.03125695771547439,0.032264293403323416,0.0002752116593665192
669373,"Skubal, Tarik",56,97.22857142857141,-0.02966204957300549,-0.2603009163516885,0.027972027972027972,-0.030032115705061292,0.02975229118933549,0.00023140962671577028,-0.037534928292188685,-0.2729421757953532,0.015984015984015984,-0.03434670753884857,0.036697644994609785,0.00034840852411465416
669387,"Mlodzinski, Carmen",23,95.2304347826087,0.012808067375886268,0.13419001108860742,0.7012987012987013,-0.0352724844858158,0.040192442375886574,0.0003988266066037458,0.02645665981692484,0.22544344704332436,0.8411588411588412,-0.046550882682607715,0.04821960816364681,0.0006158698183034145
669432,"Rogers, Trevor",48,93.51458333333335,-0.013261970226296398,-0.13090798656591074,0.18581418581418582,-0.028693700553969994,0.029020850893152855,0.00021679046396205098,-0.017371416098310038,-0.15428375626203886,0.15784215784215785,-0.03219477909724143,0.0311910233482555,0.00027846524181168486
669456,"Bieber, Shane",18,92.41666666666666,-0.08772234273318799,-0.28018153711554816,0.13286713286713286,-0.1438720173535798,0.1527581344902385,0.006028421732958154,-0.06864543361473396,-0.20578937498460642,0.2087912087912088,-0.15826183167050273,0.16112586339217205,0.006915423940052635
669461,"Liberatore, Matthew",59,94.09152542372881,-0.044606447371403915,-0.3436897871478871,0.004995004995004995,-0.03443432760535922,0.03317354514746879,0.00030148055386338194,-0.04716168607013013,-0.35083821101859297,0.003996003996003996,-0.03436321405413825,0.03268087353399533,0.0002961314689824782
669467,"Pallante, Andre",60,94.84166666666665,-0.02171238978833217,-0.21151442918277996,0.04795204795204795,-0.026513901262634202,0.02635295382630336,0.00018045784203022137,-0.023123160801111035,-0.19500432389316685,0.057942057942057944,-0.029949483109191384,0.029773444211468682,0.0002267993008780963
669713,"Wesneski, Hayden",17,93.58823529411765,-0.009815844336344602,-0.10879861576673637,0.3436563436563437,-0.042879850011582135,0.04491681144313188,0.0005325502879700102,-0.01103744149765986,-0.12199478876505808,0.32667332667332666,-0.04273861454458182,0.045985059402375995,0.0005382081632516403
669923,"Kirby, George",52,96.45576923076922,-0.0031808674536532543,-0.024752264193744607,0.4565434565434565,-0.035445368377018956,0.03454554080664408,0.00032671892324014003,-0.012868324630851963,-0.08985398101549347,0.2837162837162837,-0.036845242255124026,0.03938266126214282,0.0004034448041218051
671096,"Abbott, Andrew",61,92.57868852459013,-0.01903540050022432,-0.12348910346760902,0.1968031968031968,-0.038775314243570835,0.035667531905342276,0.000390404326757531,-0.00865700417036971,-0.05310335589898801,0.3246753246753247,-0.04397828673001989,0.041750922950707654,0.00047441766259862775
671106,"Allen, Logan",31,91.24516129032257,0.005155567902214364,0.056826824871795384,0.6323676323676324,-0.03295392987538696,0.031899649773791686,0.0002901709926042311,0.006027965449414089,0.06617964285590293,0.6343656343656343,-0.030389282049089247,0.030206047421534207,0.0002617919783514355
671737,"Bradley, Taj",57,96.7719298245614,-0.01941224890177841,-0.192440980463089,0.07892107892107893,-0.02734161086706187,0.02672998891116129,0.00018981757555671137,-0.019013978369036774,-0.15474883148216925,0.12287712287712288,-0.036169235617656,0.028421203024879906,0.00026025485533029093
672282,"Detmers, Reid",32,94.05,-0.07840298507462647,-0.4640404026496105,0.01098901098901099,-0.060301119402985395,0.06029029850746229,0.0009689073568079774,-0.07840298507462648,-0.4640404026496105,0.003996003996003996,-0.05787052238805953,0.06010074626865719,0.0009176839944183579
672456,"Montero, Keider",39,94.10000000000001,-0.02698598130841123,-0.20291049517788284,0.1108891108891109,-0.040827492211837874,0.04072371495327119,0.00047220784080220535,-0.019803792274779155,-0.14213662077206418,0.2127872127872128,-0.04214143856358559,0.041623656780571554,0.0005180636785357283
673540,"Senga, Kodai",30,94.99333333333331,0.0027258768936807994,0.02922305819981571,0.5514485514485514,-0.03682224136754469,0.03210454483417503,0.00030862325125785816,-0.03190218787070903,-0.23585519048647682,0.1048951048951049,-0.048126912399563966,0.052407565825679465,0.0006610148835796436
674841,"Alvarez, Andrew",21,91.9047619047619,-0.015374610486384117,-0.12832559702879234,0.2817182817182817,-0.052902401436119975,0.05169181005283829,0.0006938100817660915,-0.05045972207710805,-0.3474999392506384,0.056943056943056944,-0.059888452094870016,0.0647528340821232,0.0010629782517914891
675512,"Melton, Troy",24,96.47500000000001,-0.013825435398946661,-0.13657156673021675,0.27372627372627373,-0.04134609153503448,0.039991899554475505,0.00046018862169387297,-0.010063599930301096,-0.09585668391857487,0.33166833166833165,-0.0441527487367138,0.04060896933263634,0.0004798815570582712
675660,"Drohan, Shane",19,94.8,0.014741697416974583,0.12621854790971493,0.6833166833166833,-0.055893911439114576,0.05345710332103332,0.0007800704259851498,0.014741697416974578,0.12621854790971498,0.6883116883116883,-0.05461439114391198,0.05651891143911436,0.0007957714803553247
675911,"Strider, Spencer",31,95.40322580645163,-0.01765722264238762,-0.12194797391057147,0.2517482517482518,-0.05658283640700441,0.0483656626330793,0.0007182038801170841,-0.032513302240031496,-0.21246414784162793,0.12387612387612387,-0.05390026878188727,0.0540662402286017,0.0007802409662185837
676083,"Junk, Janson",41,93.82439024390244,-0.026653291975185057,-0.2779503440306358,0.03596403596403597,-0.029543168401040404,0.02828400040024007,0.00022138097356068218,-0.029825630015796176,-0.28487385810658356,0.03996003996003996,-0.03237980978486791,0.03334980486993781,0.00027096064977444393
676106,"Hancock, Emerson",37,95.19999999999999,0.003672086720867231,0.03326103697152541,0.5744255744255744,-0.03734089882565501,0.03753748870822026,0.0003350950411947775,0.024004033263091258,0.19037649144139304,0.8801198801198801,-0.039506806131466135,0.040259967031472964,0.0004250694741171942
676282,"Cantillo, Joey",42,92.09761904761903,-0.028056460231836076,-0.3146168283046254,0.023976023976023976,-0.02725340070448813,0.025836576466049904,0.000190794925150654,-0.03493718825193086,-0.3746940287103122,0.005994005994005994,-0.029190160160329874,0.02669561969893508,0.00021111968440383293
676440,"Bibee, Tanner",61,94.17540983606557,-0.006627854787757343,-0.051272303381321764,0.34465534465534464,-0.030721849160178876,0.03181581332320582,0.0002566887464132615,0.000837369155960207,0.006026887794288998,0.5484515484515484,-0.03511973476388404,0.033417013567557836,0.00031016339487539206
676467,"Gordon, Colton",15,91.16666666666669,0.015630498533724255,0.09969766792124125,0.6513486513486514,-0.08572067448680416,0.07757038123167195,0.0017248963078370606,0.02288443170964665,0.1450075757474995,0.6903096903096904,-0.0817496020375678,0.08500684495383634,0.0017877365835007044
676664,"Sears, JP",33,92.36060606060605,0.00098649639496545,0.006539948978897438,0.5044955044955045,-0.05250164212391512,0.05624778504216012,0.0007647251835720768,-0.0148939393939393,-0.08054361286854513,0.3336663336663337,-0.06340648148148158,0.06318522727272799,0.0010543510704224186
676917,"Cavalli, Cade",42,96.89047619047619,-0.06959101021048417,-0.46255120731975236,0.000999000999000999,-0.0450676016770294,0.04704367976726939,0.0005465485774067316,-0.07418078746729831,-0.4852817350083158,0.000999000999000999,-0.04443101449499396,0.048398613295514495,0.0006092009952544668
676962,"Brown, Ben",23,95.96086956521737,0.007705402870951525,0.07673470228850172,0.6433566433566433,-0.04041968729712193,0.04519570980307289,0.0004567740981615265,0.02034467363157435,0.1952797094776295,0.8021978021978022,-0.042577473435128084,0.04371115724618276,0.0005000852609485069
676974,"Meyer, Max",30,95.05,-0.04699331848552327,-0.28713862942237806,0.058941058941058944,-0.0590853749072013,0.05353637713437283,0.0009009073725811561,-0.0454123806678325,-0.27729391327256825,0.08091908091908091,-0.06254734161366993,0.057823600025609524,0.0010115617606245386
676979,"Crochet, Garrett",38,96.33684210526316,-0.02383948857308313,-0.22774875263799985,0.07792207792207792,-0.03290113935047001,0.031229150888760136,0.00027262631381569336,-0.011401870091010695,-0.1024156808791529,0.26173826173826176,-0.03558963470888877,0.03457544944520611,0.00032462794926286636
677944,"Cecconi, Slade",43,93.91627906976743,-0.005590286126472782,-0.05248857223413837,0.36863136863136864,-0.032873912544536546,0.031049804367308583,0.00026327449917564,-0.02270193401592725,-0.15802043013999612,0.15784215784215785,-0.044122436555205966,0.0449314311048654,0.0005020797650812682
677952,"Ashcraft, Braxton",36,97.26666666666668,0.0509752198241403,0.30215064499945865,0.964035964035964,-0.05395163868904902,0.05558163469224595,0.0008329055396314618,0.05045240983787321,0.2946361999149193,0.955044955044955,-0.058509435314878,0.06055006065953453,0.0008805727360624116
677958,"Rocker, Kumar",29,94.98275862068964,0.03251534028967449,0.317304005057868,0.9440559440559441,-0.03681694829465818,0.03966451097959819,0.00038314672926418345,0.02702895034772776,0.1799442994254066,0.8231768231768232,-0.05093465955038001,0.057948326055312985,0.0008034285942537728
677960,"Weathers, Ryan",29,96.07586206896552,-0.005714950261218137,-0.06478181848668986,0.38961038961038963,-0.03349693158233734,0.031847630251198814,0.0002760249614901369,-0.003525225526227988,-0.03436334805367762,0.4175824175824176,-0.038214905613097185,0.037763364517206834,0.0003677715305679042
678022,"Perkins, Jack",21,95.4857142857143,0.0044252873563218565,0.046090857968321595,0.5894105894105894,-0.04433171116054896,0.042813032999629005,0.0004759382511603476,0.004793065874195172,0.04899637724429597,0.5964035964035964,-0.041252085190688396,0.042472783556215844,0.00048776267699876774
678394,"Bello, Brayan",20,95.235,-0.024945720364409976,-0.24402991144533615,0.13286713286713286,-0.044357918280508474,0.04747176913425329,0.0005457100869431782,0.011418614186142258,0.07438966550715165,0.6403596403596403,-0.06318737187371905,0.06800379253792516,0.0012453814691924423
678906,"Teng, Kai-Wei",15,93.08,-0.02549255846917101,-0.20807100307028695,0.20679320679320679,-0.06501594613749104,0.06412827781715114,0.0011065991760217425,-0.020251937984496468,-0.15805057269997785,0.2967032967032967,-0.06920930232558152,0.06601453488372143,0.001214129853737929
680570,"Rodriguez, Grayson",20,96.085,-0.03764785596747674,-0.20500649432289533,0.17582417582417584,-0.08093311392895193,0.08335446713774047,0.0017750733137556884,-0.03764785596747674,-0.20500649432289533,0.23076923076923078,-0.08291114122543798,0.07284290000967973,0.0016975293286717434
680573,"Woods Richardson, Simeon",32,92.996875,-0.02428273803937746,-0.1809084659343823,0.15684315684315683,-0.045551605698305395,0.048523883706525626,0.000590922251556107,-0.004643282363282102,-0.032375579768845204,0.45854145854145856,-0.05053510294786872,0.04923586220008596,0.000672990329242349
680694,"Bradish, Kyle",29,94.26206896551724,0.015678519214703448,0.12418418051152524,0.7572427572427572,-0.04501165021929818,0.044657509659565386,0.0005431320493701926,0.01658290981407245,0.13130432084662289,0.7522477522477522,-0.04201493102686338,0.042778630954259864,0.0005187533169288039
680730,"Parker, Mitchell",30,92.94666666666667,0.011518449540216295,0.09161474118430016,0.6703296703296703,-0.04496158770806668,0.04528110813642185,0.0005344749968227537,0.011518449540216297,0.09161474118430017,0.6553446553446554,-0.044688118379699264,0.045519657199394895,0.0005559522682454702
680732,"Burke, Sean",49,94.49795918367346,-0.014049260001647357,-0.11564248547165981,0.2017982017982018,-0.03416502203520134,0.03449244556412867,0.0003073781124030913,-0.005571534736242191,-0.0438531632115676,0.37162837162837165,-0.03716048930477965,0.037662312198867974,0.00036598958404414296
680736,"Wrobleski, Justin",24,94.70833333333333,-0.005193385826771703,-0.06625556608813674,0.3936063936063936,-0.03384485039370076,0.031167275590551193,0.0002752211667897402,-0.006949590618928668,-0.08823289783775834,0.3276723276723277,-0.032793436025534244,0.032123551554260395,0.0002775779172747567
680885,"Schwellenbach, Spencer",17,96.96470588235293,-0.05236882546652012,-0.43368439991609364,0.04095904095904096,-0.058309028540065796,0.05367730515916582,0.0008956823154943159,-0.052368825466520136,-0.43368439991609364,0.03896103896103896,-0.05697991218441261,0.05744072447859473,0.0008964974936306829
681035,"Scott, Christian",23,95.51739130434783,-0.053368932038834575,-0.38762647793842925,0.02197802197802198,-0.05087124500285537,0.056758509423186956,0.0007880728254957485,-0.05336893203883456,-0.387626477938429,0.04195804195804196,-0.059071316390633705,0.05767962592804094,0.0008769056206689309
681190,"Vásquez, Randy",45,94.17555555555556,-0.004858872849453979,-0.0631865613644601,0.34965034965034963,-0.021971696792458705,0.022241681703636815,0.0001349279265703859,-0.0162689086471783,-0.13144765951790102,0.17382617382617382,-0.034923858761678715,0.03472557644271941,0.0003250361661157406
681293,"Arrighetti, Spencer",27,92.5148148148148,-0.035178997613365154,-0.3216799090468302,0.03896103896103896,-0.0390470418289162,0.04301048078130882,0.0004545012564107311,-0.05636632312822071,-0.4121263533167252,0.01998001998001998,-0.053717130190967015,0.05197518187329504,0.0007067827202618889
681343,"Smith, Shane",31,95.5741935483871,-0.002404256006199853,-0.0272109170933163,0.43956043956043955,-0.03128106432446392,0.03130216271635231,0.00025556039821373147,-0.0021451438911507022,-0.024180477969483638,0.45854145854145856,-0.029037329923095635,0.029363781883982226,0.0002403627092987467
681347,"Burrows, Mike",36,95.24444444444444,-0.019538258575197733,-0.1209560750757377,0.23476523476523475,-0.05539052668966907,0.05142990156281696,0.0007524168373870435,-0.018083931646951185,-0.1000030067717563,0.2897102897102897,-0.05792225141929645,0.05599465238746657,0.0009163109659017275
681517,"Leahy, Kyle",30,94.4,-0.08101821192052976,-0.587402706709139,0.000999000999000999,-0.053933774834436864,0.048972682119205226,0.0006893436918933787,-0.07860456578332571,-0.5270526436730505,0.001998001998001998,-0.05547752152726804,0.05355921667445419,0.0007720196885138011
682052,"Lopez, Jacob",40,90.525,-0.050806932538203696,-0.31689852407145486,0.03196803196803197,-0.054453037644427785,0.04984252702199018,0.0006684438500752618,-0.06702988587475066,-0.38484048737127763,0.00999000999000999,-0.0532597778247797,0.05542411750940552,0.0007830987698921092
682243,"Miller, Bryce",39,95.43333333333335,-0.027967435549525216,-0.26889473317073187,0.055944055944055944,-0.0343687924016283,0.03182822252374498,0.0002956656168030194,-0.006756065537047625,-0.04680336803646946,0.3966033966033966,-0.048058166306789885,0.04076411299104529,0.0005109103425090323
682847,"Ortiz, Luis",16,96.4625,-0.05445316214931002,-0.40061606993710547,0.059940059940059943,-0.06276652401331413,0.06594436519258179,0.0012392891064325058,-0.05445316214931003,-0.40061606993710547,0.059940059940059943,-0.06787541607227754,0.06484355682358504,0.0012192941324453423
683003,"Jones, Jared",21,98.21428571428571,-0.016324668141593144,-0.08932919572333373,0.36063936063936064,-0.08379404037610595,0.08235771570796457,0.001723904707721095,-0.016324668141593147,-0.08932919572333371,0.3856143856143856,-0.08215583517699093,0.07937942477876105,0.001748906454028406
683004,"Leiter, Jack",44,97.10909090909091,-0.03667132448348134,-0.30175504091270633,0.027972027972027972,-0.037125586385866695,0.037111375885816936,0.00034478609899403294,-0.0445703564921803,-0.3139639047605919,0.023976023976023976,-0.04416397572643318,0.043160385749267526,0.0004871670062646104
684007,"Imanaga, Shota",56,91.24285714285715,-0.01924266101127364,-0.15608124131108994,0.14185814185814186,-0.03297104866614572,0.030455366112289446,0.0002743464780841911,-0.01921927587965336,-0.13422871516544022,0.15984015984015984,-0.03712621281658992,0.03727713411524728,0.00038759552538997357
685299,"Gordon, Tanner",28,92.31428571428569,-0.03943044674994698,-0.28954679927879845,0.058941058941058944,-0.05087621744653811,0.05147043722210466,0.000660657880885535,-0.0389594245354641,-0.2848127821394008,0.07992007992007992,-0.052277189625687434,0.05077234583854178,0.0007183349271458188
686218,"Sheehan, Emmet",34,94.81470588235295,-0.008336592586190048,-0.08604057238380719,0.31368631368631367,-0.03394119299458702,0.03260376848860703,0.000288846576588576,0.0005287836605045338,0.004187534553665317,0.5174825174825175,-0.04505470408061966,0.04310136674528857,0.0005178255531075051
686563,"Cannon, Jonathan",15,93.80666666666666,-0.018015720425243277,-0.1753352603612885,0.24375624375624375,-0.055252982922415865,0.053255273128251415,0.0007005464587319167,-0.018015720425243277,-0.17533526036128846,0.23776223776223776,-0.057651549423207465,0.05431746211264408,0.0007602715705806595
686613,"Brown, Hunter",51,96.41960784313727,-0.014161203394602475,-0.13428808669043632,0.16783216783216784,-0.028381686642802606,0.02935625477617334,0.00022532027329393988,-0.014694009273937839,-0.13149941165522014,0.1918081918081918,-0.030021248749745735,0.029573053387829146,0.00024347122963021056
686701,"Bergert, Ryan",15,93.36,0.01365591397849441,0.1323864007949615,0.6833166833166833,-0.04852906586021497,0.054690860215053407,0.0007396193031528144,0.013655913978494414,0.1323864007949615,0.6653346653346653,-0.048646673387096454,0.05935315860215052,0.0007977834615770181
686752,"Pepiot, Ryan",31,95.18064516129031,-0.01960061030335669,-0.12380592781403478,0.25874125874125875,-0.05279825210913683,0.058438453598994855,0.0008235323196339765,-0.019600610303356695,-0.12380592781403481,0.26973026973026976,-0.05811376996948485,0.05529032040926236,0.0008462725329258817
686799,"Kochanowicz, Jack",30,95.67666666666668,-0.04471195570851415,-0.3835799659255193,0.03196803196803197,-0.045899777687522694,0.04035879951262252,0.0005090006617024983,-0.049839665829834866,-0.3928943196534989,0.012987012987012988,-0.04593898862893164,0.04490670555473507,0.0005508424908114512
687064,"Young, Brandon",40,94.21000000000001,-0.02082214765100681,-0.18745184538254697,0.12087912087912088,-0.035467092444251926,0.03295504979432795,0.0003191850030365085,-0.024382917792483173,-0.19590254725813083,0.1048951048951049,-0.03625862766353329,0.03717908570226689,0.00037402537173981086
687075,"Sproat, Brandon",19,96.78421052631579,-0.032194122196442625,-0.29165072699850664,0.12087912087912088,-0.052947911832946594,0.04978801237432323,0.0006917715610377233,-0.0321477927908105,-0.28859542093019763,0.1008991008991009,-0.05076652656133092,0.05352050966066618,0.0006590640475757007
687473,"Gusto, Ryan",35,94.35428571428571,-0.007869081254042266,-0.06154058886007155,0.3516483516483517,-0.04367134578071294,0.04018607243762133,0.00046581045303353136,-0.0109682072537078,-0.08162688768304346,0.3076923076923077,-0.04577812203736719,0.04400098512583624,0.0005091607704987411
687562,"Bennett, Jake",19,92.77894736842104,0.0064029275808936284,0.042845184330195726,0.5724275724275725,-0.0679009052388292,0.07266176810477654,0.0012564245964820527,0.006402927580893628,0.0428451843301957,0.5644355644355644,-0.0664012519260397,0.06768414869029246,0.0012498134783862512
687570,"Prielipp, Connor",22,95.55909090909091,0.02556035198406133,0.22715589245177606,0.8511488511488512,-0.046010570590514145,0.046956444739609374,0.0005890324760836472,0.025560351984061338,0.22715589245177614,0.8361638361638362,-0.045426448613647724,0.046949748187503706,0.0005715808300825549
688107,"Gasser, Robert",22,92.95454545454547,0.03312798471824236,0.3146342721614079,0.9230769230769231,-0.0447509252626551,0.04428689111747822,0.0005242417014419653,0.033897389738973646,0.3175167751485622,0.916083916083916,-0.044879725472547254,0.04497851035103494,0.0005436874746199708
690928,"Dobbins, Hunter",18,95.03333333333333,-0.0022496570644718527,-0.037419869892877405,0.43456543456543456,-0.02809420438957469,0.028059910836762677,0.00020774037526366223,0.0012128459173214956,0.017504101264142608,0.5384615384615384,-0.031599419200546666,0.033014502903997274,0.00028826928902135585
690986,"Harrison, Kyle",30,94.62999999999998,-0.03090027343548469,-0.23228614816761664,0.0999000999000999,-0.047882680699582354,0.046177578290254456,0.00057806639025139,-0.02857825702829428,-0.20927219597363006,0.13386613386613386,-0.049286874476134265,0.0476490326892144,0.0006434920598780592
690990,"Horton, Cade",23,95.76521739130435,0.10462196219621962,0.30664380653873585,0.9340659340659341,-0.141017157965797,0.14074060531053073,0.0052323397817220976,0.11032454361054754,0.3114709027075057,0.932067932067932,-0.1455015212981746,0.1366047160243417,0.005459802307555155
690997,"McLean, Nolan",32,95.95,-0.060558510638297494,-0.3889249535397605,0.011988011988011988,-0.05297163120567332,0.05538253546099307,0.0007973756597957849,-0.06879934305307409,-0.42187691050909093,0.007992007992007992,-0.0567922909583354,0.060667917651126294,0.0009308551205645192
691587,"Pérez, Eury",48,98.10625,-0.03138749789005802,-0.17467452135221448,0.10989010989010989,-0.05129792381702598,0.053854610926686926,0.0006603092921993282,-0.050451186215548095,-0.2642236873712708,0.03796203796203796,-0.05388498044496918,0.05376759583809951,0.0007924928682875152
691725,"Painter, Andrew",23,96.59130434782607,0.029867397454031146,0.12844187688800923,0.7172827172827173,-0.10232618016265937,0.10105160449080633,0.002717747901866276,0.029867397454031146,0.12844187688800923,0.7192807192807192,-0.08876040929985814,0.09912002740452606,0.002434160878407516
693433,"Woo, Bryan",60,95.88000000000002,0.02678516347933376,0.2186400056838367,0.954045954045954,-0.03214094309068487,0.03136065700185059,0.0002588982547872637,0.022711158354401392,0.1753545426159808,0.9140859140859141,-0.03287936681222704,0.03502648816364034,0.0002800657600588013
693645,"Schlittler, Cam",47,97.98297872340423,-0.009010719125048475,-0.06006066240795922,0.34265734265734266,-0.04090968895180018,0.04398184342334486,0.00047950660664008207,-0.010440642296337822,-0.06955309169602493,0.3146853146853147,-0.041537027407995294,0.04179074296317823,0.000493911605571637
693821,"Elder, Bryce",39,92.57179487179489,-0.0005975349667690028,-0.006773695148098012,0.4915084915084915,-0.028530375830770772,0.027836781445293175,0.00020993774504684905,0.00011414916727027856,0.0012326179987435576,0.4755244755244755,-0.02668772483707471,0.03035416075307755,0.0002280206776357858
693855,"Seymour, Ian",20,91.35499999999999,-0.023634629737126205,-0.136443303089627,0.26173826173826176,-0.07497139066257527,0.07148561240567214,0.0013909425654187243,-0.022399904099736707,-0.12419336488537254,0.31868131868131866,-0.0751288659793817,0.0799899904099739,0.0016778528952321192
694297,"Pfaadt, Brandon",41,93.3780487804878,0.043052228623408,0.297597688338822,0.968031968031968,-0.04678309297301408,0.04478626724530016,0.0005685011663179313,0.019128336097023198,0.11727693534839348,0.7872127872127872,-0.04845042968324424,0.048777024050158144,0.0006319790041070335
694477,"Patrick, Chad",25,94.3,0.010623644251626842,0.15516407345757466,0.7622377622377622,-0.02818749999999997,0.025858188720173456,0.00019559421262781076,0.009141420235434884,0.13255126797340389,0.7092907092907093,-0.027445635910826285,0.028748752358934572,0.00021383447132551297
694819,"Misiorowski, Jacob",44,100.14318181818182,-0.027741594477148825,-0.3803044996956703,0.003996003996003996,-0.02119879520502898,0.021344468070512324,0.00012188525439240004,-0.017829793205058547,-0.20782954644049778,0.0969030969030969,-0.026098503849999025,0.026399943872450076,0.00017684042607996753
694973,"Skenes, Paul",64,97.5234375,-0.025070702078503808,-0.25462064102592574,0.026973026973026972,-0.02531132056969599,0.023544149084305077,0.00015592048493896687,-0.03689530875891257,-0.20460842269399548,0.04495504495504495,-0.043317388902044375,0.046897814876207346,0.0005302293312793438
695076,"Lowder, Rhett",22,93.65,-0.008873849485652318,-0.07287983347846391,0.38161838161838163,-0.05053465078505688,0.05360882512181921,0.000767602278516001,-0.008873849485652327,-0.07287983347846388,0.3696303696303696,-0.05311315646995101,0.049558202490524984,0.0007106286590755885
695418,"Lord, Brad",23,94.49130434782607,0.009293973941367757,0.07220271630699403,0.6453546453546454,-0.0578520256514659,0.05421233713355042,0.0007981120285924777,0.001491196326290985,0.011511883652080087,0.4955044955044955,-0.05400320388834136,0.052672030397943555,0.0007696633974458398
695505,"Burns, Chase",36,97.81666666666666,0.015259554465563,0.10684912110656197,0.7532467532467533,-0.04618204577968518,0.04401108726752514,0.0005415661264079881,0.006164826360795286,0.03766942006887619,0.5824175824175825,-0.04887068678311403,0.04991632755858019,0.0006813348301687939
695549,"Jobe, Jackson",19,96.98421052631578,-0.014363443145589759,-0.1384235085595518,0.2907092907092907,-0.048638908076514366,0.04458829702444204,0.00060476985294049,0.011264573991031446,0.07678550251703846,0.6043956043956044,-0.06654209641255568,0.06530644618834086,0.0012028538947705324
695611,"Jump, Gage",20,96.16,-0.0652404663589993,-0.657947937597716,0.003996003996003996,-0.045003188000971465,0.04180304226378423,0.0005205379682030968,-0.0652404663589993,-0.6579479375977159,0.001998001998001998,-0.04364388511051726,0.040862885596308005,0.0004888444248436875
696149,"Chandler, Bubba",34,98.34411764705882,-0.03564097909714177,-0.3334812141416347,0.02097902097902098,-0.03384358462376263,0.03552036527640086,0.00031999207569758883,-0.02966202168422142,-0.2663489726907945,0.06493506493506493,-0.03888245502500031,0.03613645423460872,0.00035164765938672406
700241,"McGreevy, Michael",47,92.26382978723403,-0.021712138173676607,-0.20309890611423717,0.07992007992007992,-0.031217461618423304,0.03120063169678558,0.00023887559601229713,-0.02550141168155315,-0.1838338278604665,0.0989010989010989,-0.03918395110083069,0.042332479073559214,0.0004321446251066153
700249,"Povich, Cade",27,92.09629629629632,0.008772539648055284,0.0436390558637323,0.5594405594405595,-0.07537662937214852,0.06918232674342795,0.0014296686822538797,-0.007490124117542726,-0.03378075072588273,0.43656343656343655,-0.08701397915233006,0.07965557382062773,0.0019197717854873683
700712,"Ureña, Walbert",18,97.7388888888889,0.006104110201458506,0.10866473812912597,0.6653346653346653,-0.026472952583195902,0.0271082176087624,0.00019033761792886674,0.006104110201458507,0.108664738129126,0.6353646353646354,-0.025603607253625406,0.026850582581239995,0.00018446644526672485
701542,"Warren, Will",62,93.46935483870966,-0.01188778227312816,-0.08019730939480318,0.27672327672327673,-0.038638523476062815,0.03689614812930715,0.0003775020108729938,-0.0102895504785519,-0.06532031916448212,0.28771228771228774,-0.03899358310430198,0.03871254075165643,0.0004062277101063211
701656,"Henderson, Logan",23,93.07391304347827,-0.00016568047337301085,-0.0009310496828478926,0.4865134865134865,-0.07509033530572005,0.0707044871794882,0.001417916062628175,0.015345023542783106,0.08321919335948594,0.6283716283716284,-0.07716244520214319,0.07533276505926269,0.0015796453031889728
702056,"Yesavage, Trey",20,94.36999999999999,-0.018387544625148966,-0.10222759870220399,0.3436563436563437,-0.08057021023403381,0.0769263189210633,0.0017425867307697446,-0.024983423124741107,-0.13455149119824023,0.28471528471528473,-0.07296303356817224,0.08535223787815963,0.0017209564563339143
702070,"Cameron, Noah",54,92.43888888888888,-0.012764755461400152,-0.09193267067663292,0.24275724275724275,-0.03736278730722797,0.03525718125697627,0.000340456218626193,-0.01302659838096823,-0.09347870185296413,0.24175824175824176,-0.038559015157772956,0.038367581158103486,0.00037937528418168854
800048,"Messick, Parker",39,93.9897435897436,-0.0072563101481011635,-0.11099928034642392,0.25674325674325676,-0.019705357142857177,0.01955871823315846,0.00010297706012635421,-0.012148057865574092,-0.15197600472367898,0.2077922077922078,-0.025327561620461177,0.02554166002568885,0.00018034083084720226
801139,"Tolle, Payton",29,96.09655172413794,-0.07138054150550432,-0.5202073295185188,0.002997002997002997,-0.05511603689378135,0.04904538827729858,0.0007131954854513021,-0.06885931052841719,-0.5011572960727573,0.002997002997002997,-0.05036240516438186,0.05056049514175404,0.0006572200433907619
801403,"Dollander, Chase",26,98.08846153846154,-0.056523759681808824,-0.3939307164712771,0.022977022977022976,-0.054556206824366855,0.05729549926732258,0.0008331356016533242,-0.07052039849412257,-0.4422234802361117,0.00999000999000999,-0.0641131136835089,0.060222805209106355,0.0010274999881827438
804267,"Thornton, Zac",15,92.30666666666666,-0.04425844205679216,-0.5026114837467051,0.027972027972027972,-0.04450019186492724,0.04502818016116659,0.0005196073653551225,-0.04425844205679216,-0.5026114837467051,0.027972027972027972,-0.044637974865694686,0.04556636128165789,0.0005441004879000515
805673,"Matthews, Zebby",39,95.61282051282053,-0.008781190019193787,-0.10328283180511907,0.2627372627372627,-0.026678373124681725,0.027695282815621416,0.00018990814473000912,-0.020811706116246283,-0.19019466377008912,0.12387612387612387,-0.03422488753044891,0.033836501419084564,0.00030556726781069254
808963,"Sasaki, Roki",31,97.36774193548386,-0.03136313939867237,-0.5350745834534403,0.001998001998001998,-0.01986836522191851,0.020172897956527405,0.00011506145530015859,-0.037535767046571515,-0.4900441103217548,0.003996003996003996,-0.026924584005047797,0.026552663360052166,0.0001995527721193403
808967,"Yamamoto, Yoshinobu",58,95.7103448275862,-0.028243669706532856,-0.23835768638322913,0.029970029970029972,-0.029082564048405896,0.030253919936386302,0.00023111230847933843,-0.039384349687431666,-0.2860451348016898,0.01998001998001998,-0.036266406801099445,0.03827369803702157,0.000344747913982119
813349,"Early, Connelly",22,94.00454545454546,-0.05191568106846883,-0.4288193816625897,0.026973026973026972,-0.051992678413387665,0.048848177649046295,0.0006917673942191634,-0.049673923751354446,-0.409935684195205,0.025974025974025976,-0.049309033592749324,0.05025820116244693,0.0006711842953020286
