season,game_type,date,game_pk,opponent,summary,gamesPlayed,gamesStarted,flyOuts,groundOuts,airOuts,runs,doubles,triples,homeRuns,strikeOuts,baseOnBalls,intentionalWalks,hits,hitByPitch,avg,atBats,obp,slg,ops,caughtStealing,stolenBases,stolenBasePercentage,caughtStealingPercentage,groundIntoDoublePlay,numberOfPitches,era,inningsPitched,wins,losses,saves,saveOpportunities,holds,blownSaves,earnedRuns,whip,battersFaced,outs,gamesPitched,completeGames,shutouts,strikes,strikePercentage,hitBatsmen,balks,wildPitches,pickoffs,totalBases,groundOutsToAirouts,winPercentage,pitchesPerInning,gamesFinished,strikeoutWalkRatio,strikeoutsPer9Inn,walksPer9Inn,hitsPer9Inn,runsScoredPer9,homeRunsPer9,inheritedRunners,inheritedRunnersScored,catchersInterference,sacBunts,sacFlies
2024,R,2024-03-21,746175,San Diego Padres,"1.0 IP, 5 ER, 2 K, BB",1,1,1,0,1,5,1,1,0,2,1,0,4,1,.667,6,.667,1.167,1.834,0,0,.---,.---,0,43,45.00,1.0,0,1,0,0,0,0,5,5.00,9,3,1,0,0,23,.530,1,0,1,0,7,0.00,.000,43.00,0,2.00,18.00,9.00,36.00,45.00,0.00,0,0,0,0,1
2024,R,2024-03-30,746168,St. Louis Cardinals,"5.0 IP, 0 ER, 5 K, 0 BB",1,1,1,6,4,0,1,0,0,5,0,0,2,0,.261,17,.118,.176,.294,0,0,.---,.---,0,68,7.50,5.0,0,0,0,0,0,0,0,1.17,17,15,1,0,0,45,.660,0,0,0,0,3,1.20,.---,13.60,0,-.--,9.00,0.00,3.60,0.00,0.00,0,0,0,0,0
2024,R,2024-04-06,746896,Chicago Cubs,"5.0 IP, 0 ER, 8 K, 2 BB",1,1,1,5,3,0,2,0,0,8,2,0,3,0,.214,19,.238,.263,.501,0,0,.---,.---,0,80,4.09,5.0,1,0,0,0,0,0,0,1.09,21,15,1,0,0,53,.660,0,0,0,0,5,1.38,1.000,16.00,0,4.00,14.40,3.60,5.40,0.00,0.00,0,0,0,0,0
2024,R,2024-04-12,746162,San Diego Padres,"5.0 IP, 3 ER, 6 K, BB",1,1,2,4,4,3,0,0,2,6,1,0,4,0,.217,18,.263,.556,.819,0,0,.---,.---,1,91,4.50,5.0,0,0,0,0,0,0,3,1.06,19,15,1,0,0,60,.660,0,0,0,0,10,1.25,.---,18.20,0,6.00,10.80,1.80,7.20,5.40,3.60,0,0,0,0,0
2024,R,2024-04-19,746160,New York Mets,"6.0 IP, 3 ER, 9 K, BB",1,1,5,3,7,4,2,0,1,9,1,0,7,0,.235,25,.296,.480,.776,0,1,1.000,.000,0,99,4.50,6.0,0,0,0,0,0,0,3,1.14,27,18,1,0,0,72,.730,0,0,0,0,12,0.95,.---,16.50,0,9.00,13.50,1.50,10.50,6.00,1.50,0,0,0,0,1
2024,R,2024-04-25,744867,Washington Nationals,"6.0 IP, 0 ER, 7 K, BB",1,1,3,3,8,0,2,0,0,7,1,0,4,0,.224,22,.217,.273,.490,0,0,.---,.---,0,97,3.54,6.0,1,0,0,0,0,0,0,1.07,23,18,1,0,0,70,.720,0,0,0,0,6,0.78,1.000,16.17,0,7.00,10.50,1.50,6.00,0.00,0.00,0,0,0,0,0
2024,R,2024-05-01,747207,Arizona Diamondbacks,"6.0 IP, 0 ER, 5 K, 2 BB",1,1,3,8,4,0,1,0,0,5,2,0,5,0,.225,22,.292,.273,.565,0,0,.---,.---,1,94,2.91,6.0,1,0,0,0,0,0,0,1.09,24,18,1,0,0,63,.670,0,0,0,0,6,0.94,1.000,15.67,0,2.50,7.50,3.00,7.50,0.00,0.00,0,0,0,0,0
2024,R,2024-05-07,746147,Miami Marlins,"8.0 IP, 2 ER, 5 K, 0 BB",1,1,2,12,7,2,1,0,2,5,0,0,5,0,.215,29,.172,.414,.586,0,0,.---,.---,0,97,2.79,8.0,1,0,0,0,0,0,2,1.00,29,24,1,0,0,73,.750,0,0,0,0,12,1.08,1.000,12.13,0,-.--,5.63,0.00,5.63,2.25,2.25,0,0,0,0,0
2024,R,2024-05-13,745343,San Francisco Giants,"5.2 IP, 4 ER, 6 K, 2 BB",1,1,3,6,5,4,1,0,1,6,2,0,5,0,.217,22,.292,.409,.701,0,0,.---,.---,0,84,3.21,5.2,0,0,0,0,0,0,4,1.03,24,17,1,0,0,55,.650,0,0,0,0,9,1.09,.---,14.82,0,3.00,9.53,3.18,7.94,6.35,1.59,0,0,0,0,0
2024,R,2024-05-20,746146,Arizona Diamondbacks,"6.1 IP, 2 ER, 8 K, BB",1,1,3,6,5,2,2,0,0,8,1,0,7,0,.223,26,.296,.346,.642,0,0,.---,.---,0,100,3.17,6.1,1,0,0,0,0,0,2,1.06,27,19,1,0,0,69,.690,0,0,0,0,9,1.10,1.000,15.79,0,8.00,11.37,1.42,9.95,2.84,0.00,0,0,0,0,0
2024,R,2024-05-26,746711,Cincinnati Reds,"5.0 IP, 4 ER, 8 K, 2 BB",1,1,2,5,2,4,1,0,0,8,2,0,6,0,.229,21,.348,.333,.681,0,1,1.000,.000,0,100,3.51,5.0,0,1,0,0,0,0,4,1.10,23,15,1,0,0,65,.650,0,0,0,0,7,1.16,.000,20.00,0,4.00,14.40,3.60,10.80,7.20,0.00,0,0,0,0,0
2024,R,2024-06-01,746138,Colorado Rockies,"6.0 IP, ER, 7 K, BB",1,1,2,6,4,1,3,0,0,7,1,0,7,0,.236,23,.320,.435,.755,1,0,.000,1.000,0,101,3.32,6.0,1,0,0,0,0,0,1,1.12,25,18,1,0,0,67,.660,0,0,0,0,10,1.19,1.000,16.83,0,7.00,10.50,1.50,10.50,1.50,0.00,0,0,0,0,1
2024,R,2024-06-07,745737,New York Yankees,"7.0 IP, 0 ER, 7 K, 2 BB",1,1,3,10,4,0,1,0,0,7,2,0,2,0,.223,23,.160,.130,.290,0,0,.---,.---,1,106,3.00,7.0,0,0,0,0,0,0,0,1.07,25,21,1,0,0,72,.680,0,0,0,0,3,1.28,.---,15.14,0,3.50,9.00,2.57,2.57,0.00,0.00,0,0,0,0,0
2024,R,2024-06-15,746135,Kansas City Royals,"2.0 IP, 0 ER, K, BB",1,1,2,2,3,0,0,0,0,1,1,0,1,0,.221,7,.250,.143,.393,0,0,.---,.---,0,28,2.92,2.0,0,0,0,0,0,0,0,1.07,8,6,1,0,0,14,.500,0,0,0,0,1,1.25,.---,14.00,0,1.00,4.50,4.50,4.50,0.00,0.00,0,0,0,0,0
2024,R,2024-09-10,746097,Chicago Cubs,"4.0 IP, 0 ER, 8 K, 0 BB",1,1,0,3,1,1,0,0,0,8,0,0,3,0,.220,15,.200,.200,.400,0,0,.---,.---,1,59,2.77,4.0,0,0,0,0,0,0,0,1.05,15,12,1,0,0,42,.710,0,0,0,0,3,1.27,.---,14.75,0,-.--,18.00,0.00,6.75,2.25,0.00,0,0,0,0,0
2024,R,2024-09-16,747067,Atlanta Braves,"4.0 IP, 0 ER, 3 K, 2 BB",1,1,0,7,1,0,2,1,0,3,2,0,4,0,.223,15,.353,.533,.886,0,1,1.000,.000,0,72,2.63,4.0,0,0,0,0,0,0,0,1.07,17,12,1,0,0,42,.580,0,0,0,0,8,1.37,.---,18.00,0,1.50,6.75,4.50,9.00,0.00,0.00,0,0,0,0,0
2024,R,2024-09-22,746092,Colorado Rockies,"3.0 IP, 4 ER, 4 K, 3 BB",1,1,2,3,2,4,1,0,0,4,3,0,5,0,.228,14,.471,.429,.900,0,0,.---,.---,0,79,2.96,3.0,0,0,0,0,0,0,4,1.13,17,9,1,0,0,47,.590,0,0,1,0,6,1.37,.---,26.33,0,1.33,12.00,9.00,15.00,12.00,0.00,0,0,0,0,0
2024,R,2024-09-28,746499,Colorado Rockies,"5.0 IP, 2 ER, 6 K, 0 BB",1,1,2,4,4,2,0,0,1,6,0,0,4,0,.229,16,.235,.438,.673,0,0,.---,.---,1,71,3.00,5.0,1,0,0,0,0,0,2,1.11,18,15,1,0,0,49,.690,0,0,0,0,7,1.35,1.000,14.20,0,-.--,10.80,0.00,7.20,3.60,1.80,0,0,0,1,1
2024,P,2024-10-05,775323,San Diego Padres,"3.0 IP, 5 ER, K, 2 BB",1,1,3,4,4,5,2,0,1,1,2,0,5,0,.357,14,.438,.714,1.152,0,0,.---,.---,0,60,15.00,3.0,0,0,0,0,0,0,5,2.33,16,9,1,0,0,34,.570,0,0,1,0,10,1.00,.---,20.00,0,0.50,3.00,6.00,15.00,15.00,3.00,0,0,0,0,0
2024,P,2024-10-11,775317,San Diego Padres,"5.0 IP, 0 ER, 2 K, BB",1,1,4,7,5,0,0,0,0,2,1,0,2,0,.233,16,.176,.125,.301,0,0,.---,.---,1,63,5.63,5.0,1,0,0,0,0,0,0,1.25,17,15,1,0,0,39,.620,0,0,0,0,2,1.22,1.000,12.60,0,2.00,3.60,1.80,3.60,0.00,0.00,0,0,0,0,0
2024,P,2024-10-17,775303,New York Mets,"4.1 IP, 2 ER, 8 K, BB",1,1,1,4,1,2,0,0,1,8,1,0,4,1,.234,17,.316,.412,.728,0,0,.---,.---,0,73,5.11,4.1,0,0,0,0,0,0,2,1.22,19,13,1,0,0,52,.710,1,0,0,0,7,1.50,.---,16.85,0,8.00,16.62,2.08,8.31,4.15,2.08,0,0,0,0,0
2024,P,2024-10-26,775294,New York Yankees,"6.1 IP, ER, 4 K, 2 BB",1,1,3,9,6,1,0,0,1,4,2,0,1,0,.179,20,.136,.200,.336,0,0,.---,.---,0,86,3.86,6.1,1,0,0,0,0,0,1,0.96,22,19,1,0,0,54,.630,0,0,0,0,4,1.50,1.000,13.58,0,2.00,5.68,2.84,1.42,1.42,1.42,0,0,0,0,0
2025,R,2025-03-18,778563,Chicago Cubs,"5.0 IP, ER, 4 K, BB",1,1,0,9,2,1,1,0,0,4,1,0,3,0,.167,18,.211,.222,.433,0,0,.---,.---,0,72,1.80,5.0,1,0,0,0,0,0,1,0.80,19,15,1,0,0,48,.670,0,0,0,0,4,4.50,1.000,14.40,0,4.00,7.20,1.80,5.40,1.80,0.00,0,0,0,0,0
2025,R,2025-03-28,778544,Detroit Tigers,"5.0 IP, 2 ER, 10 K, 2 BB",1,1,1,4,1,2,0,0,2,10,2,0,5,0,.211,20,.318,.550,.868,0,1,1.000,.000,0,91,2.70,5.0,0,0,0,0,0,0,2,1.10,22,15,1,0,0,58,.640,0,0,0,0,11,4.33,.---,18.20,0,5.00,18.00,3.60,9.00,3.60,3.60,0,0,0,0,0
2025,R,2025-04-04,778459,Philadelphia Phillies,"6.0 IP, 0 ER, 5 K, 3 BB",1,1,1,8,3,1,1,0,0,5,3,0,3,0,.193,19,.273,.211,.484,0,1,1.000,.000,2,97,1.69,6.0,0,1,0,0,0,0,0,1.06,22,18,1,0,0,58,.600,0,0,1,0,4,3.50,.000,16.17,0,1.67,7.50,4.50,4.50,1.50,0.00,0,0,0,0,0
2025,R,2025-04-11,778356,Chicago Cubs,"6.0 IP, 0 ER, 9 K, BB",1,1,3,4,4,0,1,0,0,9,1,0,2,0,.171,19,.150,.158,.308,0,0,.---,.---,0,103,1.23,6.0,1,0,0,0,0,0,0,0.91,20,18,1,0,0,64,.620,0,0,0,0,3,2.50,1.000,17.17,0,9.00,13.50,1.50,3.00,0.00,0.00,0,0,0,0,0
2025,R,2025-04-18,778263,Texas Rangers,"7.0 IP, 0 ER, 10 K, 0 BB",1,1,2,8,2,0,3,0,0,10,0,0,5,0,.178,25,.200,.320,.520,1,0,.000,1.000,0,102,0.93,7.0,1,0,0,0,0,0,0,0.86,25,21,1,0,0,68,.670,0,0,0,0,8,2.75,1.000,14.57,0,-.--,12.86,0.00,6.43,0.00,0.00,0,0,0,0,0
2025,R,2025-04-25,778176,Pittsburgh Pirates,"5.0 IP, ER, 5 K, 4 BB",1,1,1,7,3,3,0,0,0,5,4,0,5,0,.190,20,.375,.250,.625,0,1,1.000,.000,1,94,1.06,5.0,0,1,0,0,0,0,1,1.00,24,15,1,0,0,58,.620,0,0,0,0,5,2.67,.000,18.80,0,1.25,9.00,7.20,9.00,5.40,0.00,0,0,0,0,0
2025,R,2025-05-02,778092,Atlanta Braves,"6.0 IP, 0 ER, 6 K, 2 BB",1,1,2,7,5,0,1,0,0,6,2,0,1,0,.171,19,.143,.105,.248,0,0,.---,.---,0,91,0.90,6.0,1,0,0,0,0,0,0,0.93,21,18,1,0,0,60,.660,0,0,0,0,2,2.35,1.000,15.17,0,3.00,9.00,3.00,1.50,0.00,0.00,0,0,0,0,0
2025,R,2025-05-08,777999,Arizona Diamondbacks,"5.0 IP, 5 ER, 4 K, BB",1,1,2,8,2,5,0,0,2,4,1,0,6,1,.188,20,.364,.600,.964,0,0,.---,.---,1,88,1.80,5.0,0,1,0,0,0,0,5,0.98,22,15,1,0,0,54,.610,1,0,0,0,12,2.50,.000,17.60,0,4.00,7.20,1.80,10.80,9.00,3.60,0,0,0,0,0
2025,R,2025-05-14,777917,Athletics,"6.0 IP, 3 ER, 6 K, 2 BB",1,1,5,6,6,3,1,0,1,6,2,0,4,0,.187,22,.250,.364,.614,0,1,1.000,.000,0,88,2.12,6.0,1,0,0,0,0,0,3,0.98,24,18,1,0,0,58,.660,0,0,0,0,8,2.18,1.000,14.67,0,3.00,9.00,3.00,6.00,4.50,1.50,0,0,0,0,0
2025,R,2025-05-20,777838,Arizona Diamondbacks,"7.0 IP, 0 ER, 9 K, 2 BB",1,1,4,7,5,0,0,0,0,9,2,0,1,0,.172,22,.125,.045,.170,0,0,.---,.---,0,110,1.86,7.0,0,0,0,0,0,0,0,0.91,24,21,1,0,0,62,.560,0,0,1,0,1,2.06,.---,15.71,0,4.50,11.57,2.57,1.29,0.00,0.00,0,0,0,0,0
2025,R,2025-05-26,777769,Cleveland Guardians,"6.0 IP, 2 ER, 7 K, 2 BB",1,1,4,6,5,2,1,0,0,7,2,0,3,0,.170,20,.227,.200,.427,0,0,.---,.---,1,88,1.97,6.0,1,0,0,0,0,0,2,0.91,23,18,1,0,0,55,.630,0,0,1,0,4,1.95,1.000,14.67,0,3.50,10.50,3.00,4.50,3.00,0.00,0,0,0,1,0
2025,R,2025-06-01,777682,New York Yankees,"3.2 IP, 4 ER, 2 K, 3 BB",1,1,1,5,4,4,0,0,1,2,3,0,7,0,.186,18,.476,.556,1.032,0,0,.---,.---,0,96,2.39,3.2,0,1,0,0,0,0,4,1.00,21,11,1,0,0,59,.610,0,0,1,0,10,1.88,.000,26.18,0,0.67,4.91,7.36,17.18,9.82,2.45,0,0,0,0,0
2025,R,2025-06-07,777601,St. Louis Cardinals,"6.0 IP, 0 ER, 9 K, 2 BB",1,1,2,4,4,0,0,0,0,9,2,0,4,1,.186,21,.292,.190,.482,1,0,.000,1.000,0,94,2.20,6.0,0,0,0,0,0,0,0,1.00,24,18,1,0,0,61,.650,1,0,0,0,4,1.80,.---,15.67,0,4.50,13.50,3.00,6.00,0.00,0.00,0,0,0,0,0
2025,R,2025-06-13,777522,San Francisco Giants,"4.2 IP, 5 ER, 4 K, 5 BB",1,1,4,5,4,5,2,0,2,4,5,0,6,0,.195,19,.458,.737,1.195,0,0,.---,.---,0,102,2.64,4.2,0,1,0,0,0,0,5,1.09,24,14,1,0,0,56,.550,0,0,0,0,14,1.76,.000,21.86,0,0.80,7.71,9.64,11.57,9.64,3.86,0,0,0,0,0
2025,R,2025-06-19,777442,San Diego Padres,"6.1 IP, 3 ER, 5 K, 0 BB",1,1,7,4,9,3,2,0,1,5,0,0,7,0,.203,24,.280,.500,.780,0,0,.---,.---,1,100,2.76,6.1,0,1,0,0,0,0,3,1.09,25,19,1,0,0,70,.700,0,0,0,0,12,1.56,.000,15.79,0,-.--,7.11,0.00,9.95,4.26,1.42,0,0,0,0,1
2025,R,2025-06-25,777358,Colorado Rockies,"5.0 IP, 0 ER, 6 K, BB",1,1,3,5,3,0,0,0,0,6,1,0,1,0,.196,15,.125,.067,.192,0,0,.---,.---,1,56,2.61,5.0,1,0,0,0,0,0,0,1.05,16,15,1,0,0,39,.700,0,0,0,0,1,1.56,1.000,11.20,0,6.00,10.80,1.80,1.80,0.00,0.00,0,0,0,0,0
2025,R,2025-07-01,777280,Chicago White Sox,"7.0 IP, ER, 8 K, BB",1,1,5,6,7,1,1,0,0,8,1,0,3,0,.191,24,.160,.167,.327,0,0,.---,.---,0,98,2.51,7.0,1,0,0,0,0,0,1,1.01,25,21,1,0,0,65,.660,0,0,0,0,4,1.49,1.000,14.00,0,8.00,10.29,1.29,3.86,1.29,0.00,0,0,0,0,0
2025,R,2025-07-07,777201,Milwaukee Brewers,"0.2 IP, 3 ER, 0 K, 2 BB",1,1,1,2,1,5,1,0,1,0,2,0,4,0,.199,7,.667,1.143,1.810,0,0,.---,.---,0,41,2.77,0.2,0,1,0,0,0,0,3,1.07,9,2,1,0,0,25,.610,0,0,0,0,8,1.50,.000,61.50,0,0.00,0.00,27.00,54.00,67.50,13.50,0,0,0,0,0
2025,R,2025-07-13,777119,San Francisco Giants,"7.0 IP, 0 ER, 7 K, 2 BB",1,1,2,8,6,0,1,0,0,7,2,0,3,0,.194,24,.192,.167,.359,0,0,.---,.---,0,91,2.59,7.0,0,0,0,0,0,0,0,1.04,26,21,1,0,0,64,.700,0,0,0,0,4,1.49,.---,13.00,0,3.50,9.00,2.57,3.86,0.00,0.00,0,0,0,0,0
2025,R,2025-07-22,777039,Minnesota Twins,"5.0 IP, 3 ER, 8 K, BB",1,1,1,3,3,3,1,0,0,8,1,0,6,0,.199,20,.333,.350,.683,1,0,.000,1.000,0,101,2.72,5.0,0,0,0,0,0,0,3,1.06,21,15,1,0,0,65,.640,0,0,0,0,7,1.47,.---,20.20,0,8.00,14.40,1.80,10.80,5.40,0.00,0,0,0,0,0
2025,R,2025-07-28,776967,Cincinnati Reds,"7.0 IP, ER, 9 K, 2 BB",1,1,2,5,7,1,1,0,0,9,2,0,4,0,.197,25,.222,.200,.422,0,1,1.000,.000,0,101,2.63,7.0,1,0,0,0,0,0,1,1.05,27,21,1,0,0,65,.640,0,0,0,0,5,1.41,1.000,14.43,0,4.50,11.57,2.57,5.14,1.29,0.00,0,0,0,0,0
2025,R,2025-08-03,776889,Tampa Bay Rays,"5.2 IP, 0 ER, 6 K, 0 BB",1,1,1,8,4,0,0,0,0,6,0,0,5,0,.199,22,.227,.227,.454,0,1,1.000,.000,0,88,2.51,5.2,1,0,0,0,0,0,0,1.04,23,17,1,0,0,62,.700,0,0,0,0,5,1.43,1.000,15.53,0,-.--,9.53,0.00,7.94,0.00,0.00,0,0,0,1,0
2025,R,2025-08-11,776779,Los Angeles Angels,"4.2 IP, 6 ER, 6 K, 5 BB",1,1,2,5,2,6,0,0,1,6,5,0,6,1,.203,19,.480,.474,.954,1,0,.000,1.000,0,99,2.84,4.2,0,1,0,0,0,0,6,1.09,25,14,1,0,0,60,.610,1,0,0,0,9,1.46,.000,21.21,0,1.20,11.57,9.64,11.57,11.57,1.93,0,0,0,0,0
2025,R,2025-08-18,776693,Colorado Rockies,"7.0 IP, 3 ER, 6 K, 2 BB",1,1,1,12,3,3,0,0,1,6,2,0,4,0,.201,25,.222,.280,.502,0,0,.---,.---,0,103,2.90,7.0,0,0,0,0,0,0,3,1.08,27,21,1,0,0,64,.620,0,0,0,0,7,1.54,.---,14.71,0,3.00,7.71,2.57,5.14,3.86,1.29,0,0,0,0,0
2025,R,2025-08-24,776603,San Diego Padres,"6.0 IP, 2 ER, 6 K, 2 BB",1,1,5,4,7,2,1,0,1,6,2,0,4,0,.201,21,.261,.381,.642,0,0,.---,.---,1,92,2.90,6.0,1,0,0,0,0,0,2,1.07,23,18,1,0,0,60,.650,0,0,0,0,8,1.47,1.000,15.33,0,3.00,9.00,3.00,6.00,3.00,1.50,0,0,0,0,0
2025,R,2025-08-31,776509,Arizona Diamondbacks,"7.0 IP, ER, 10 K, 0 BB",1,1,2,6,5,1,0,0,0,10,0,0,4,0,.199,25,.160,.160,.320,0,0,.---,.---,0,98,2.82,7.0,0,0,0,0,0,0,1,1.05,25,21,1,0,0,70,.710,0,0,0,0,4,1.46,.---,14.00,0,-.--,12.86,0.00,5.14,1.29,0.00,0,0,0,0,0
2025,R,2025-09-06,776443,Baltimore Orioles,"8.2 IP, ER, 10 K, 2 BB",1,1,6,8,7,1,0,0,1,10,2,0,1,0,.191,26,.107,.154,.261,0,0,.---,.---,1,112,2.72,8.2,0,0,0,0,0,0,1,1.01,28,26,1,0,0,70,.630,0,0,1,0,4,1.44,.---,12.92,0,5.00,10.38,2.08,1.04,1.04,1.04,0,0,0,0,0
2025,R,2025-09-12,776350,San Francisco Giants,"7.0 IP, ER, 10 K, BB",1,1,2,4,7,1,1,0,0,10,1,0,1,0,.186,22,.087,.091,.178,0,0,.---,.---,0,91,2.66,7.0,0,0,0,0,0,0,1,0.98,23,21,1,0,0,68,.750,0,0,0,0,2,1.39,.---,13.00,0,10.00,12.86,1.29,1.29,1.29,0.00,0,0,0,0,0
2025,R,2025-09-18,776271,San Francisco Giants,"5.1 IP, 0 ER, 7 K, 6 BB",1,1,1,5,3,0,0,0,0,7,6,0,1,0,.183,16,.318,.063,.381,1,1,.500,.500,0,108,2.58,5.1,0,0,0,0,0,0,0,0.99,22,16,1,0,0,60,.560,0,0,0,0,1,1.40,.---,20.25,0,1.17,11.81,10.13,1.69,0.00,0.00,0,0,0,0,0
2025,R,2025-09-25,776185,Arizona Diamondbacks,"6.0 IP, 0 ER, 7 K, 2 BB",1,1,3,8,3,0,0,0,0,7,2,0,4,0,.183,22,.250,.182,.432,0,0,.---,.---,0,94,2.49,6.0,1,0,0,0,0,0,0,0.99,24,18,1,0,0,61,.650,0,0,0,0,4,1.43,1.000,15.67,0,3.50,10.50,3.00,6.00,0.00,0.00,0,0,0,0,0
2025,P,2025-10-01,813068,Cincinnati Reds,"6.2 IP, 0 ER, 9 K, 2 BB",1,1,3,7,5,2,0,0,0,9,2,0,4,1,.160,25,.250,.160,.410,0,1,1.000,.000,0,113,0.00,6.2,1,0,0,0,0,0,0,0.90,28,20,1,0,0,77,.680,1,0,0,0,4,1.40,1.000,16.95,0,4.50,12.15,2.70,5.40,2.70,0.00,0,0,0,0,0
2025,P,2025-10-08,813041,Philadelphia Phillies,"4.0 IP, 3 ER, 2 K, BB",1,1,5,4,6,3,1,0,1,2,1,0,6,0,.238,17,.368,.588,.956,0,0,.---,.---,0,67,2.53,4.0,0,1,0,0,0,0,3,1.22,19,12,1,0,0,42,.630,0,0,0,0,10,1.00,.000,16.75,0,2.00,4.50,2.25,13.50,6.75,2.25,0,0,0,0,1
2025,P,2025-10-14,813034,Milwaukee Brewers,"9.0 IP, ER, 7 K, BB",1,1,3,15,6,1,0,0,1,7,1,0,3,0,.178,31,.125,.194,.319,0,0,.---,.---,0,111,1.83,9.0,1,0,0,0,0,0,1,0.86,32,27,1,1,0,81,.730,0,0,0,0,6,1.53,1.000,12.33,0,7.00,7.00,1.00,3.00,1.00,1.00,0,0,0,0,0
2025,P,2025-10-25,813026,Toronto Blue Jays,"9.0 IP, ER, 8 K, 0 BB",1,1,3,11,8,1,1,0,0,8,0,0,4,1,.165,30,.156,.167,.323,0,0,.---,.---,0,105,1.57,9.0,1,0,0,0,0,0,1,0.73,32,27,1,1,0,73,.700,1,0,0,0,5,1.48,1.000,11.67,0,-.--,8.00,0.00,4.00,1.00,0.00,0,0,0,0,1
2025,P,2025-10-31,813025,Toronto Blue Jays,"6.0 IP, ER, 6 K, BB",1,1,3,6,5,1,2,0,0,6,1,0,5,0,.176,22,.261,.318,.579,0,0,.---,.---,2,96,1.56,6.0,1,0,0,0,0,0,1,0.78,23,18,1,0,0,63,.660,0,0,0,0,7,1.43,1.000,16.00,0,6.00,9.00,1.50,7.50,1.50,0.00,0,0,0,0,0
2025,P,2025-11-01,813024,Toronto Blue Jays,"2.2 IP, 0 ER, K, BB",1,0,2,4,2,0,1,0,0,1,1,0,1,1,.174,7,.333,.286,.619,0,0,.---,.---,1,34,1.45,2.2,1,0,0,0,0,0,0,0.78,10,8,1,0,0,21,.620,1,0,0,0,2,1.47,1.000,12.75,1,1.00,3.38,3.38,3.38,0.00,0.00,2,0,0,1,0
2026,R,2026-03-26,823974,Arizona Diamondbacks,"6.0 IP, 2 ER, 6 K, 0 BB",1,1,5,3,7,2,1,0,1,6,0,0,5,0,.238,21,.238,.429,.667,1,0,.000,1.000,0,95,3.00,6.0,1,0,0,0,0,0,2,0.83,21,18,1,0,0,63,.660,0,0,0,0,9,0.43,1.000,15.83,0,-.--,9.00,0.00,7.50,3.00,1.50,0,0,0,0,0
2026,R,2026-04-01,823970,Cleveland Guardians,"6.0 IP, 2 ER, 2 K, BB",1,1,7,6,8,2,1,0,1,2,1,0,4,1,.220,20,.273,.400,.673,0,1,1.000,.000,2,87,3.00,6.0,0,1,0,0,0,0,2,0.83,22,18,1,0,0,52,.600,1,0,0,0,8,0.60,.000,14.50,0,2.00,3.00,1.50,6.00,3.00,1.50,0,0,0,0,0
2026,R,2026-04-07,822831,Toronto Blue Jays,"6.0 IP, ER, 6 K, BB",1,1,4,8,4,1,3,0,0,6,1,0,5,0,.219,23,.250,.348,.598,0,0,.---,.---,0,97,2.50,6.0,1,0,0,0,0,0,1,0.89,24,18,1,0,0,66,.680,0,0,0,0,8,0.89,1.000,16.17,0,6.00,9.00,1.50,7.50,1.50,0.00,0,0,0,0,0
2026,R,2026-04-14,823965,New York Mets,"7.2 IP, ER, 7 K, BB",1,1,3,10,6,1,1,0,1,7,1,0,4,0,.198,27,.179,.296,.475,0,0,.---,.---,0,104,2.10,7.2,0,0,0,0,0,0,1,0.82,28,23,1,0,0,65,.630,0,0,0,0,8,1.08,.---,13.57,0,7.00,8.22,1.17,4.70,1.17,1.17,0,0,0,0,0
2026,R,2026-04-21,823236,San Francisco Giants,"7.0 IP, 3 ER, 7 K, 2 BB",1,1,6,2,11,3,0,0,0,7,2,0,6,0,.207,25,.286,.240,.526,0,0,.---,.---,0,101,2.48,7.0,0,1,0,0,0,0,3,0.89,28,21,1,0,0,62,.610,0,0,0,0,6,0.81,.000,14.43,0,3.50,9.00,2.57,7.71,3.86,0.00,0,0,0,0,1
2026,R,2026-04-27,823961,Miami Marlins,"5.0 IP, 3 ER, 4 K, 4 BB",1,1,1,8,3,4,2,0,1,4,4,0,5,0,.213,20,.375,.500,.875,0,0,.---,.---,1,87,2.87,5.0,0,0,0,0,0,0,3,1.01,24,15,1,0,0,56,.640,0,0,0,0,10,0.95,.---,17.40,0,1.00,7.20,7.20,9.00,7.20,1.80,0,0,0,0,0
2026,R,2026-05-04,824201,Houston Astros,"6.0 IP, 3 ER, 8 K, BB",1,1,4,5,4,3,0,0,1,8,1,0,5,0,.215,22,.261,.364,.625,0,0,.---,.---,1,95,3.09,6.0,1,0,0,0,0,0,3,1.01,23,18,1,0,0,65,.680,0,0,1,0,8,0.98,1.000,15.83,0,8.00,12.00,1.50,7.50,4.50,1.50,0,0,0,0,0
2026,R,2026-05-12,823951,San Francisco Giants,"6.1 IP, 5 ER, 8 K, 0 BB",1,1,3,5,6,5,1,0,3,8,0,0,6,0,.219,25,.240,.640,.880,0,0,.---,.---,0,93,3.60,6.1,0,1,0,0,0,0,5,1.00,25,19,1,0,0,66,.710,0,0,0,0,16,0.96,.000,14.68,0,-.--,11.37,0.00,8.53,7.11,4.26,0,0,0,0,0
2026,R,2026-05-18,823301,San Diego Padres,"7.0 IP, ER, 8 K, 2 BB",1,1,2,8,5,1,0,0,1,8,2,0,3,0,.208,24,.192,.250,.442,0,1,1.000,.000,0,107,3.32,7.0,0,1,0,0,0,0,1,0.96,26,21,1,0,0,64,.600,0,0,0,0,6,1.02,.000,15.29,0,4.00,10.29,2.57,3.86,1.29,1.29,0,0,0,0,0
2026,R,2026-05-24,823786,Milwaukee Brewers,"7.0 IP, ER, 3 K, BB",1,1,1,11,4,1,0,0,0,3,1,0,7,1,.216,25,.333,.280,.613,0,0,.---,.---,2,92,3.09,7.0,1,0,0,0,0,0,1,0.98,27,21,1,0,0,60,.650,1,0,1,0,7,1.14,1.000,13.14,0,3.00,3.86,1.29,9.00,1.29,0.00,0,0,0,0,0
2026,R,2026-05-31,823944,Philadelphia Phillies,"5.1 IP, 0 ER, 10 K, 2 BB",1,1,2,2,3,0,1,0,0,10,2,0,4,1,.215,19,.318,.263,.581,1,0,.000,1.000,0,104,2.86,5.1,1,0,0,0,0,0,0,1.00,22,16,1,0,0,69,.660,1,0,0,0,5,1.11,1.000,19.50,0,5.00,16.88,3.38,6.75,0.00,0.00,0,0,0,0,0
2026,R,2026-06-06,823942,Los Angeles Angels,"8.0 IP, ER, 4 K, 0 BB",1,1,2,14,6,1,0,1,0,4,0,0,2,0,.202,26,.077,.154,.231,0,0,.---,.---,0,93,2.68,8.0,1,0,0,0,0,0,1,0.92,26,24,1,0,0,69,.740,0,0,0,0,4,1.22,1.000,11.63,0,-.--,4.50,0.00,2.25,1.13,0.00,0,0,0,0,0
2026,R,2026-06-13,824587,Chicago White Sox,"8.1 IP, ER, 7 K, 0 BB",1,1,3,8,11,1,0,0,1,7,0,0,1,0,.188,27,.037,.148,.185,0,0,.---,.---,0,109,2.52,8.1,1,0,0,0,0,0,1,0.84,27,25,1,0,0,74,.680,0,0,0,0,4,1.15,1.000,13.08,0,-.--,7.56,0.00,1.08,1.08,1.08,0,0,0,0,0
2026,R,2026-06-20,823937,Baltimore Orioles,"6.0 IP, 3 ER, 6 K, 2 BB",1,1,1,10,2,3,1,0,0,6,2,0,6,0,.192,24,.308,.292,.600,0,0,.---,.---,0,102,2.65,6.0,0,1,0,0,0,0,3,0.87,26,18,1,0,0,69,.680,0,0,0,0,7,1.25,.000,17.00,0,3.00,9.00,3.00,9.00,4.50,0.00,0,0,0,0,0
2026,R,2026-06-27,823283,San Diego Padres,"6.0 IP, 2 ER, 4 K, 2 BB",1,1,4,7,6,2,0,0,1,4,2,0,5,0,.194,22,.292,.364,.656,0,0,.---,.---,1,89,2.67,6.0,1,0,0,0,0,0,2,0.89,24,18,1,0,0,59,.660,0,0,0,0,8,1.24,1.000,14.83,0,2.00,6.00,3.00,7.50,3.00,1.50,0,0,0,0,0
2026,R,2026-07-04,823932,San Diego Padres,"7.0 IP, 0 ER, 10 K, 2 BB",1,1,2,5,5,0,0,0,0,10,2,0,3,0,.190,23,.200,.130,.330,0,0,.---,.---,0,100,2.49,7.0,1,0,0,0,0,0,0,0.88,25,21,1,0,0,68,.680,0,0,0,0,3,1.23,1.000,14.29,0,5.00,12.86,2.57,3.86,0.00,0.00,0,0,0,0,0
2026,R,2026-07-11,823926,Arizona Diamondbacks,"6.0 IP, 6 ER, 6 K, 4 BB",1,1,5,5,7,6,1,0,1,6,4,1,5,0,.192,22,.333,.409,.742,1,0,.000,1.000,0,103,2.85,6.0,0,1,0,0,0,0,6,0.91,27,18,1,0,0,67,.650,0,0,0,1,9,1.19,.000,17.17,0,1.50,9.00,6.00,7.50,9.00,1.50,0,0,0,0,1
2026,R,2026-07-19,823523,New York Yankees,"9.0 IP, 2 ER, 7 K, 0 BB",1,1,6,7,12,2,2,0,1,7,0,0,4,0,.188,30,.133,.300,.433,0,0,.---,.---,1,102,2.78,9.0,1,0,0,0,0,0,2,0.88,30,27,1,1,0,69,.680,0,0,0,0,9,1.13,1.000,11.33,0,-.--,7.00,0.00,4.00,2.00,1.00,0,0,0,0,0
2026,R,2026-07-25,823600,New York Mets,"6.0 IP, ER, 5 K, 3 BB",1,1,2,8,5,1,0,0,0,5,3,0,5,0,.190,23,.308,.217,.525,0,0,.---,.---,0,100,2.72,6.0,1,0,0,0,0,0,1,0.90,26,18,1,0,0,65,.650,0,0,0,0,5,1.15,1.000,16.67,0,1.67,7.50,4.50,7.50,1.50,0.00,0,0,0,0,0
2026,R,2026-08-01,823920,Boston Red Sox,"8.0 IP, 3 ER, 3 K, BB",1,1,5,10,10,3,1,0,2,3,1,0,4,0,.187,27,.179,.407,.586,0,0,.---,.---,1,96,2.76,8.0,0,1,0,0,0,0,3,0.88,28,24,1,0,0,65,.680,0,0,0,0,11,1.14,.000,12.00,0,3.00,3.38,1.13,4.50,3.38,2.25,0,0,0,0,0
2026,R,2026-08-08,825049,Arizona Diamondbacks,"5.2 IP, 0 ER, 6 K, 3 BB",1,1,3,3,8,0,0,0,0,6,3,0,3,1,.186,20,.292,.150,.442,0,0,.---,.---,0,107,2.65,5.2,0,0,0,0,0,0,0,0.89,24,17,1,0,0,62,.580,1,0,0,0,3,1.09,.---,18.88,0,2.00,9.53,4.76,4.76,0.00,0.00,0,0,0,0,0
2026,R,2026-08-14,823913,Milwaukee Brewers,"6.0 IP, ER, 9 K, 2 BB",1,1,1,5,3,1,2,0,0,9,2,0,4,0,.186,20,.261,.300,.561,1,0,.000,1.000,1,97,2.60,6.0,1,0,0,0,0,0,1,0.89,23,18,1,0,0,69,.710,0,0,0,0,6,1.10,1.000,16.17,0,4.50,13.50,3.00,6.00,1.50,0.00,0,0,0,0,1
2026,R,2026-08-21,823911,Pittsburgh Pirates,"6.1 IP, 2 ER, 9 K, BB",1,1,1,6,4,2,2,0,0,9,1,0,5,2,.187,24,.296,.292,.588,0,0,.---,.---,0,107,2.61,6.1,0,0,0,0,0,0,2,0.90,27,19,1,0,0,69,.640,2,0,0,0,7,1.11,.---,16.89,0,9.00,12.79,1.42,7.11,2.84,0.00,0,0,0,0,0
2026,R,2026-08-27,824879,Atlanta Braves,"6.1 IP, ER, 8 K, BB",1,1,2,6,5,1,0,0,1,8,1,0,4,0,.187,23,.208,.304,.512,0,2,1.000,.000,0,105,2.56,6.1,0,1,0,0,0,0,1,0.89,24,19,1,0,0,69,.660,0,0,0,0,7,1.12,.000,16.58,0,8.00,11.37,1.42,5.68,1.42,1.42,0,0,0,0,0
2026,R,2026-09-02,823906,St. Louis Cardinals,"7.0 IP, 4 ER, 8 K, 2 BB",1,1,2,9,3,4,1,0,2,8,2,0,5,0,.187,25,.259,.480,.739,0,0,.---,.---,1,93,2.67,7.0,0,0,0,0,0,0,4,0.90,27,21,1,0,0,60,.650,0,0,0,0,12,1.16,.---,13.29,0,4.00,10.29,2.57,6.43,5.14,2.57,0,0,0,0,0
2026,R,2026-09-09,823900,Cincinnati Reds,"7.0 IP, ER, 10 K, BB",1,1,1,6,4,1,0,0,1,10,1,0,3,0,.185,23,.167,.261,.428,0,0,.---,.---,0,90,2.62,7.0,1,0,0,0,0,0,1,0.88,24,21,1,0,0,66,.730,0,0,0,1,6,1.16,1.000,12.86,0,10.00,12.86,1.29,3.86,1.29,1.29,0,0,0,0,0
2026,R,2026-09-15,824466,Cincinnati Reds,"7.0 IP, 0 ER, 7 K, 2 BB",1,1,3,7,7,0,1,0,0,7,2,0,1,0,.180,22,.125,.091,.216,0,1,1.000,.000,0,91,2.51,7.0,1,0,0,0,0,0,0,0.87,24,21,1,0,0,55,.600,0,0,0,0,2,1.16,1.000,13.00,0,3.50,9.00,2.57,1.29,0.00,0.00,0,0,0,0,0
2026,R,2026-09-23,823894,San Diego Padres,"6.0 IP, 2 ER, 4 K, BB",1,1,2,8,7,4,0,0,1,4,1,0,5,1,.182,23,.269,.348,.617,0,1,1.000,.000,0,88,2.53,6.0,0,1,0,0,0,0,2,0.87,26,18,1,0,0,63,.720,1,0,0,0,8,1.16,.000,14.67,0,4.00,6.00,1.50,7.50,6.00,1.50,0,0,0,0,1
